,Text,Intent
565,How does one go about applying for a comp off?,leave_comp
575,Could you guide me on how to apply for a comp off?,leave_comp
574,What is the proper protocol for obtaining a comp off?,leave_comp
573,Can you explain the steps involved in receiving a comp off?,leave_comp
571,I would appreciate it if you could explain the procedure for availing a comp off.,leave_comp
570,Can you outline the steps I need to follow to request a comp off?,leave_comp
569,Could you provide a detailed explanation of the process for getting a comp off?,leave_comp
568,What is the correct way to apply for a comp off?,leave_comp
567,I need assistance in understanding how to obtain a comp off. Can you help me with that?,leave_comp
566,Can you walk me through the steps of receiving a comp off?,leave_comp
564,What are the necessary steps to take in order to request a comp off?,leave_comp
576,Can you provide a step-by-step guide on how to get a comp off?,leave_comp
563,Can you clarify the process of availing a comp off?,leave_comp
561,Could you enlighten me on the procedure for obtaining a comp off?,leave_comp
560,What is the proper way to apply for a comp off?,leave_comp
559,Can you outline the steps required to receive a comp off?,leave_comp
558,Is there a specific way to request a comp off?,leave_comp
557,I would like to know the protocol for availing a comp off. Can you assist me?,leave_comp
556,How can I go about getting a comp off?,leave_comp
555,Can you provide me with the steps to apply for a comp off?,leave_comp
554,I'm curious about the process of obtaining a comp off. Can you explain it to me?,leave_comp
552,What is the procedure for taking a comp off?,leave_comp
553,Could you please guide me on how to request a comp off?,leave_comp
562,I'm interested in learning more about how to receive a comp off. Can you provide some guidance?,leave_comp
577,I'm unsure about the process of availing a comp off. Can you shed some light on it?,leave_comp
572,How can I formally apply for a comp off?,leave_comp
579,How does one formally apply for a comp off?,leave_comp
601,I would like to know the appropriate protocol for obtaining a comp off. Can you provide guidance on that?,leave_comp
600,Can you explain the process of receiving a comp off in detail?,leave_comp
599,How does one officially apply for a comp off?,leave_comp
598,What are the necessary steps I need to follow in order to request a comp off?,leave_comp
597,I'm unsure about the process of obtaining a comp off. Can you clarify it for me?,leave_comp
596,Could you provide a step-by-step guide on how to receive a comp off?,leave_comp
595,What is the formal way to apply for a comp off?,leave_comp
578,What are the necessary actions I need to take in order to request a comp off?,leave_comp
593,Can you walk me through the steps required to obtain a comp off?,leave_comp
592,How can I go about applying for a comp off?,leave_comp
591,Can you guide me on how to request a comp off properly?,leave_comp
590,Could you provide a clear explanation of the process for receiving a comp off?,leave_comp
594,I would appreciate it if you could explain the proper procedure for availing a comp off.,leave_comp
580,Can you walk me through the process of receiving a comp off?,leave_comp
588,I need assistance in knowing how to get a comp off. Can you help me with that?,leave_comp
587,Can you explain the step-by-step process of obtaining a comp off?,leave_comp
586,What is the recommended process for applying for a comp off?,leave_comp
585,I'm interested in understanding how to receive a comp off. Can you give me some guidance?,leave_comp
584,Can you outline the necessary steps to follow when requesting a comp off?,leave_comp
583,Could you please provide a detailed explanation of the steps involved in getting a comp off?,leave_comp
582,What is the appropriate way to apply for a comp off?,leave_comp
581,I would like to know the correct procedure for obtaining a comp off. Can you assist me with that?,leave_comp
589,What are the correct actions to take when applying for a comp off?,leave_comp
85,Can I request an updated leave balance reflecting the earned leaves?,leave_date
84,How do I check my leave balance to see if the earned leaves have been credited?,leave_date
83,When can I expect my earned leaves to be available for use?,leave_date
82,What is the process for the crediting of earned leaves to my account?,leave_date
77,When can I use the earned leaves that have been credited to my leave balance?,leave_date
80,How long does it take for the earned leaves to reflect in my leave balance?,leave_date
79,Is there a deadline for the crediting of earned leaves to my leave balance?,leave_date
78,Can I transfer my earned leaves to the next year if they are not credited in time?,leave_date
86,Is there a lag time between earning leaves and their crediting to my account?,leave_date
81,At what point do the earned leaves become available for use?,leave_date
87,When will my leave balance show the earned leaves that have been credited?,leave_date
63,How soon after earning leaves will they be credited to my account?,leave_date
89,Is there a specific time of the day when the earned leaves are credited to my leave balance?,leave_date
90,How often are the earned leaves credited to my leave balance?,leave_date
91,Can I request an early credit of earned leaves to my account?,leave_date
92,When can I start planning my leave after earning the leaves?,leave_date
93,On what date are the earned leaves usually credited to my account?,leave_date
94,How many earned leaves can I accrue in a year?,leave_date
95,Can I request a confirmation of earned leaves credited to my leave balance?,leave_date
96,Is there a delay in the crediting of earned leaves to my account?,leave_date
97,How do I know when my earned leaves have been credited to my leave balance?,leave_date
98,When can I expect my earned leaves to be added to my leave balance?,leave_date
76,What is the time frame for the crediting of earned leaves to my account?,leave_date
88,How do I know if my earned leaves have been credited to my account?,leave_date
75,When do I start accruing earned leaves for the current year?,leave_date
56,Is there a fixed date when the earned leaves are credited to my account?,leave_date
73,How do I know that the earned leaves have been credited to my account?,leave_date
49,When can I expect my earned leaves to be credited to my account?,leave_date
50,Is there a specific date when the earned leaves are added to my leave balance?,leave_date
51,How often are the earned leaves credited to my account?,leave_date
52,Can you tell me the date when my leave balance gets updated with earned leaves?,leave_date
53,At what frequency are the earned leaves credited to my leave balance?,leave_date
54,When should I expect my earned leaves to be added to my account?,leave_date
74,Is there a limit to the number of earned leaves that can be credited at one time?,leave_date
57,When will I see my earned leaves reflected in my leave balance?,leave_date
58,When can I start using my earned leaves after they are credited?,leave_date
59,How can I check if my earned leaves have been credited to my leave balance?,leave_date
60,Is there a delay between earning leaves and their crediting to my account?,leave_date
55,How long does it take for earned leaves to reflect in my leave balance?,leave_date
62,On which date should I expect my earned leaves to be credited to my account?,leave_date
61,When will I know that my earned leaves have been added to my leave balance?,leave_date
71,When will I receive notification of my earned leaves being credited to my account?,leave_date
70,Is there a specific day of the month when the earned leaves are credited?,leave_date
69,On what basis are the earned leaves credited to my leave balance?,leave_date
68,How can I confirm that my earned leaves have been credited to my account?,leave_date
72,Can I request a confirmation of earned leaves credited to my account?,leave_date
66,When can I start planning my leave after earning the leaves?,leave_date
65,Is there a time limit for the crediting of earned leaves to my account?,leave_date
64,Can I request an early credit of my earned leaves to my leave balance?,leave_date
67,At what time of the day are the earned leaves credited to my account?,leave_date
141,Do earned leaves gradually accumulate in the leave balance over time?,leave_date_count
140,Is there a specific day of the month when earned leaves are credited to the leave balance?,leave_date_count
138,How does the system ensure the timely credit of earned leaves to the leave balance?,leave_date_count
137,Does the leave management system follow a specific timeline for the allocation of earned leaves to the leave balance?,leave_date_count
136,Is there a regular interval for adding earned leaves to the leave balance?,leave_date_count
134,How does the leave tracking system calculate the credit of earned leaves to the leave balance?,leave_date_count
133,When do earned leaves show up in the leave balance?,leave_date_count
132,Is there a specific time frame for earned leaves to be credited to the leave balance?,leave_date_count
131,When do earned leaves become part of the leave balance?,leave_date_count
130,Do earned leaves accumulate over time in the leave balance?,leave_date_count
142,What is the process for earned leaves to be added to the leave balance?,leave_date_count
135,Are earned leaves credited to the leave balance on a predetermined date?,leave_date_count
143,Is there a particular day or time when earned leaves are credited to the leave balance?,leave_date_count
139,Are earned leaves added to the leave balance at the beginning or end of the month?,leave_date_count
145,Are earned leaves credited to the leave balance on a monthly basis?,leave_date_count
146,Is there a fixed schedule for the addition of earned leaves to the leave balance?,leave_date_count
147,When do earned leaves become available in the leave balance?,leave_date_count
148,How does the leave management system determine the credit of earned leaves to the leave balance?,leave_date_count
149,Are earned leaves automatically added to the leave balance each month?,leave_date_count
150,Is there a specific date for the credit of earned leaves to the leave balance?,leave_date_count
151,Do earned leaves gradually accumulate in the leave balance over a period of time?,leave_date_count
152,What is the frequency of earned leaves being credited to the leave balance?,leave_date_count
153,Is there a specific timeframe for earned leaves to be added to the leave balance?,leave_date_count
154,When do earned leaves reflect in the leave balance?,leave_date_count
155,How does the leave tracking system calculate the addition of earned leaves to the leave balance?,leave_date_count
129,Is there a standard practice for crediting earned leaves to the leave balance?,leave_date_count
144,How does the leave tracking system handle the addition of earned leaves to the leave balance?,leave_date_count
128,Does the leave management system have a specific schedule for the addition of earned leaves to the leave balance?,leave_date_count
108,How does the system determine when to credit earned leaves to the leave balance?,leave_date_count
126,How does the leave tracking system determine the credit of earned leaves to the leave balance?,leave_date_count
99,When are earned leaves credited to the leave balance?,leave_date_count
100,What is the timing for crediting earned leaves to the leave balance?,leave_date_count
101,When can I expect my earned leaves to be credited to my leave balance?,leave_date_count
102,At what frequency are earned leaves added to the leave balance?,leave_date_count
103,Can you provide information about the process of crediting earned leaves to the leave balance?,leave_date_count
104,How often are earned leaves credited to the leave balance?,leave_date_count
105,When are earned leaves typically added to the leave balance?,leave_date_count
106,What is the usual time for earned leaves to be credited to the leave balance?,leave_date_count
107,Is there a specific date or time when earned leaves are credited to the leave balance?,leave_date_count
109,Is there a specific schedule for adding earned leaves to the leave balance?,leave_date_count
110,Are earned leaves credited to the leave balance on a monthly basis?,leave_date_count
111,Do earned leaves accumulate in the leave balance on a monthly basis?,leave_date_count
113,How frequently are earned leaves credited to the leave balance?,leave_date_count
112,Is there a monthly allocation of earned leaves to the leave balance?,leave_date_count
115,Is there a specific timeframe for crediting earned leaves to the leave balance?,leave_date_count
116,What is the procedure for adding earned leaves to the leave balance?,leave_date_count
127,Are earned leaves added to the leave balance at the end of each month?,leave_date_count
117,Do earned leaves accrue in the leave balance at regular intervals?,leave_date_count
118,When can I expect my earned leaves to reflect in the leave balance?,leave_date_count
119,Is there a set pattern for the addition of earned leaves to the leave balance?,leave_date_count
120,How does the leave management system handle the crediting of earned leaves to the leave balance?,leave_date_count
121,Are earned leaves automatically credited to the leave balance each month?,leave_date_count
122,Is there a fixed date for the credit of earned leaves to the leave balance?,leave_date_count
123,Do earned leaves accumulate gradually in the leave balance?,leave_date_count
124,What is the frequency of earned leaves being added to the leave balance?,leave_date_count
125,Is there a specific time period for the allocation of earned leaves to the leave balance?,leave_date_count
114,Do earned leaves get added to the leave balance on a regular basis?,leave_date_count
237,"If my grandparent dies, can I avail of bereavement leave?",leave_family
236,"In the event of my grandparent's death, am I entitled to bereavement leave?",leave_family
238,Is bereavement leave applicable for the passing of a grandparent?,leave_family
244,"If my grandparent dies, will I be granted bereavement leave?",leave_family
240,Can I take time off for the funeral of my grandparent?,leave_family
241,"If my grandparent passes away, can I take leave under the bereavement policy?",leave_family
242,Is bereavement leave allowed when a grandparent dies?,leave_family
243,"When my grandparent passes away, can I take bereavement leave?",leave_family
235,Can I take time off work to mourn the loss of my grandparent?,leave_family
245,Can I request bereavement leave due to the loss of my grandparent?,leave_family
239,Am I eligible for bereavement leave if my grandparent dies?,leave_family
234,"If my grandparent passes away, will I be given bereavement leave?",leave_family
222,May I be granted bereavement leave in the event of my grandparent's death?,leave_family
232,"When a grandparent passes away, can I be granted bereavement leave?",leave_family
231,"If my grandparent dies, can I request bereavement leave?",leave_family
230,Am I allowed to take bereavement leave in case of my grandparent's demise?,leave_family
229,Is bereavement leave provided for the loss of a grandparent?,leave_family
228,"If my grandparent passes away, is there a provision for bereavement leave?",leave_family
227,"In the unfortunate event of my grandparent's death, can I take bereavement leave?",leave_family
280,"If my grandparent dies, can I take time off work to attend the funeral proceedings?",leave_family
225,"If my grandparent passes away, will I be eligible for bereavement leave?",leave_family
224,Is bereavement leave offered to employees who have lost a grandparent?,leave_family
223,"When a grandparent passes away, can I take time off through bereavement leave?",leave_family
246,"When a grandparent passes away, am I eligible for bereavement leave?",leave_family
221,Does the company policy allow for bereavement leave when a grandparent dies?,leave_family
220,"If my grandparent has passed away, am I entitled to take bereavement leave?",leave_family
233,Is it possible for me to take bereavement leave for my grandparent's death?,leave_family
247,"If my grandparent dies, can I take time off work through bereavement leave?",leave_family
260,Can I take time off work to attend my grandparent's burial?,leave_family
249,Am I entitled to bereavement leave if my grandparent passes away?,leave_family
277,"If my grandparent dies, will I be eligible for bereavement leave to grieve?",leave_family
219,Is it possible to take bereavement leave due to the loss of a grandparent?,leave_family
276,"When a grandparent passes away, can I take leave for bereavement purposes?",leave_family
275,Is bereavement leave granted for the demise of my grandparent's life?,leave_family
274,"If my grandparent dies, can I avail of bereavement leave to cope with the loss?",leave_family
273,Can I take time off work to pay my respects to my grandparent?,leave_family
272,Am I entitled to bereavement leave if my grandparent passes on?,leave_family
271,Is bereavement leave applicable for the passing of my grandparent's life?,leave_family
270,"If my grandparent dies, can I take time off to honor their memory?",leave_family
269,"When my grandparent passes away, can I take leave through the bereavement policy?",leave_family
268,Is bereavement leave allowed for the loss of a grandparent's life?,leave_family
267,"If my grandparent dies, can I request bereavement leave?",leave_family
266,"In the event of my grandparent's demise, am I eligible for bereavement leave?",leave_family
248,Is bereavement leave provided for the passing of a grandparent?,leave_family
265,Can I take time off work to mourn the loss of my grandparent's life?,leave_family
263,"When my grandparent dies, can I take bereavement leave?",leave_family
262,Is bereavement leave provided when a grandparent passes away?,leave_family
261,"If my grandparent dies, can I be granted bereavement leave?",leave_family
259,Am I eligible for bereavement leave if my grandparent passes?,leave_family
258,Is bereavement leave offered for the death of a grandparent?,leave_family
257,"If my grandparent dies, can I take time off work to grieve?",leave_family
256,"When a grandparent passes away, am I allowed to take bereavement leave?",leave_family
255,Can I request bereavement leave in the event of my grandparent's passing?,leave_family
254,"If my grandparent dies, will I be eligible for bereavement leave?",leave_family
253,"When a grandparent passes away, can I take leave for bereavement?",leave_family
252,Is bereavement leave granted for the demise of a grandparent?,leave_family
251,"If my grandparent dies, can I avail bereavement leave?",leave_family
250,Can I take time off work to attend my grandparent's memorial service?,leave_family
264,"If my grandparent passes away, will I be entitled to bereavement leave?",leave_family
218,Can I request bereavement leave if my grandparent passes away?,leave_family
226,Can I take time off work to attend my grandparent's funeral?,leave_family
282,Am I eligible for bereavement leave if my grandparent passes away peacefully?,leave_family
278,Can I request bereavement leave in the unfortunate event of my grandparent's passing?,leave_family
281,Is bereavement leave offered for the death of my grandparent's life?,leave_family
292,"If my grandparent dies, can I take time off work to honor and remember their life?",leave_family
291,"When a grandparent passes away, can I take leave through the bereavement policy to mourn?",leave_family
290,Is bereavement leave granted for the passing of my grandparent's life peacefully?,leave_family
289,"If my grandparent dies, can I avail of bereavement leave for the grieving process?",leave_family
279,"When a grandparent passes away, am I allowed to take bereavement leave to mourn?",leave_family
287,"If my grandparent passes away, will I be entitled to bereavement leave to mourn?",leave_family
286,"When my grandparent dies, can I take bereavement leave to deal with the loss?",leave_family
285,Is bereavement leave provided when a grandparent passes away suddenly?,leave_family
283,Can I take time off work to remember and honor my grandparent's life?,leave_family
284,"If my grandparent dies, can I be granted bereavement leave to cope with the loss?",leave_family
288,Can I take time off work to attend the funeral service of my grandparent?,leave_family
474,Can I submit a late arrival partial day request form after I've already reviewed my schedule?,leave_late_arrival
473,Is it within the policy to apply for a late arrival partial day request after I've already completed some research?,leave_late_arrival
472,Can I still request for a late arrival partial day after I've already worked on a project?,leave_late_arrival
471,Is it possible to request a late arrival partial day after I've already assisted a client?,leave_late_arrival
470,Can I fill out a late arrival partial day request form after I've already attended a team meeting?,leave_late_arrival
469,"After entering the office, can I still apply for a late arrival partial day due to transportation issues?",leave_late_arrival
468,Is it acceptable to submit a late arrival partial day request once I've already participated in a conference call?,leave_late_arrival
467,Can I request for a late arrival partial day after I've already completed some administrative tasks?,leave_late_arrival
466,Is it permissible to request a late arrival partial day after I've already checked my emails?,leave_late_arrival
463,Is it possible to request a late arrival partial day after I've already received my daily assignments?,leave_late_arrival
464,"After entering the office premises, can I still apply for a late arrival partial day due to personal reasons?",leave_late_arrival
462,Can I submit a late arrival partial day request form after I've already attended a training session?,leave_late_arrival
461,Is it within the policy to apply for a late arrival partial day request after I've already made some progress on my projects?,leave_late_arrival
460,Can I request for a late arrival partial day after I've already interacted with my colleagues?,leave_late_arrival
459,"After entering the office, can I still request for a late arrival partial day due to unforeseen circumstances?",leave_late_arrival
458,Is it acceptable to submit a late arrival partial day request once I've already completed some work?,leave_late_arrival
457,Can I still apply for a late arrival partial day request after I've already started my morning tasks?,leave_late_arrival
456,Is it permissible to request a late arrival partial day after I've already attended a meeting?,leave_late_arrival
455,Can I fill out a late arrival partial day request form after I've already logged into my computer?,leave_late_arrival
454,"After entering the office premises, can I still submit a late arrival partial day request?",leave_late_arrival
465,Can I still fill out a late arrival partial day request after I've already started collaborating with my team?,leave_late_arrival
475,"After entering the office premises, can I still request for a late arrival partial day due to a personal appointment?",leave_late_arrival
478,"After entering the office, can I still fill out a late arrival partial day request form due to a family emergency?",leave_late_arrival
477,Is it permissible to apply for a late arrival partial day request once I've already attended a team lunch?,leave_late_arrival
501,Can I request for a late arrival partial day after I've already collaborated with an external partner?,leave_late_arrival
500,"After entering the office premises, can I still apply for a late arrival partial day due to a personal errand?",leave_late_arrival
499,Is it acceptable to request a late arrival partial day after I've already attended a department meeting?,leave_late_arrival
498,Can I fill out a late arrival partial day request form after I've already completed some marketing tasks?,leave_late_arrival
497,Can I still request for a late arrival partial day after I've already conducted an interview?,leave_late_arrival
496,Is it permissible to submit a late arrival partial day request once I've already attended a company training?,leave_late_arrival
495,Can I request for a late arrival partial day after I've already completed some financial analysis?,leave_late_arrival
494,"After entering the office, can I still apply for a late arrival partial day due to a delayed flight?",leave_late_arrival
493,Is it possible to request a late arrival partial day after I've already finished a client presentation?,leave_late_arrival
492,Can I still fill out a late arrival partial day request after I've already participated in a team discussion?,leave_late_arrival
476,Can I request for a late arrival partial day after I've already completed some documentation?,leave_late_arrival
491,"After entering the office premises, can I still request for a late arrival partial day due to a personal commitment?",leave_late_arrival
489,Is it within the policy to apply for a late arrival partial day request once I've already resolved an issue?,leave_late_arrival
488,Can I request for a late arrival partial day after I've already completed some coding tasks,leave_late_arrival
487,"After entering the office, can I still submit a late arrival partial day request due to a traffic jam?",leave_late_arrival
486,Can I still apply for a late arrival partial day request after I've already conducted a client meeting?,leave_late_arrival
485,Is it permissible to request a late arrival partial day after I've already participated in a brainstorming session?,leave_late_arrival
484,Can I fill out a late arrival partial day request form after I've already attended a team-building activity?,leave_late_arrival
483,"After entering the office premises, can I still request for a late arrival partial day due to a medical appointment?",leave_late_arrival
481,Can I request for a late arrival partial day after I've already collaborated with a cross-functional team?,leave_late_arrival
480,Is it acceptable to request a late arrival partial day after I've already provided feedback on a project?,leave_late_arrival
479,Can I still submit a late arrival partial day request after I've already finished a training module?,leave_late_arrival
490,Can I submit a late arrival partial day request form after I've already attended a company event?,leave_late_arrival
482,Is it possible to apply for a late arrival partial day request once I've already completed a milestone?,leave_late_arrival
453,Is it possible to apply for a late arrival partial day request once I've already settled into my workspace?,leave_late_arrival
452,Can I request for a late arrival partial day after I've already started my work?,leave_late_arrival
365,Can you list the various options for partial leave based on different needs?,leave_partial
364,Are there specific categories of partial leave that are suitable for certain scenarios?,leave_partial
362,What are the different types of partial leave that can be taken in different circumstances?,leave_partial
361,I'm interested in understanding the various categories of partial leave.,leave_partial
360,Can you provide me with a breakdown of the types of partial leave that exist?,leave_partial
359,Are there different options for partial leave depending on the specific situation?,leave_partial
358,Could you explain the various types of partial leave that are available?,leave_partial
357,What are the categories of partial leave that I can avail myself of?,leave_partial
356,I would like to know the different types of partial leave that are offered.,leave_partial
355,Can you list the available options for partial leave depending on the need?,leave_partial
367,What are the available categories of partial leave that I can choose from?,leave_partial
353,Could you please provide information on the different categories of partial leave?,leave_partial
352,What are the types of partial leave that I can consider in different situations?,leave_partial
351,Can you give me an overview of the various options for partial leave?,leave_partial
350,Are there different kinds of partial leave that can be taken?,leave_partial
349,I'm interested in knowing the types of partial leave that are available.,leave_partial
348,Can you outline the different categories of partial leave that are offered?,leave_partial
347,What are the options for taking partial leave in different scenarios?,leave_partial
346,Could you please explain the various types of partial leave that exist?,leave_partial
345,Are there specific options for partial leave depending on the circumstances?,leave_partial
344,I would like to know the categories of partial leave that I can choose from.,leave_partial
366,I would like to know the types of partial leave that are provided.,leave_partial
354,Are there specific types of partial leave that are appropriate for certain circumstances?,leave_partial
368,Could you provide information on the different types of partial leave that exist?,leave_partial
369,Are there different choices for partial leave depending on the circumstances?,leave_partial
391,I'm interested in understanding the various categories of partial leave.,leave_partial
390,Can you provide me with a breakdown of the types of partial leave that exist?,leave_partial
389,Are there different choices for partial leave depending on the specific circumstances?,leave_partial
388,Could you explain the different types of partial leave that are available?,leave_partial
387,What are the categories of partial leave that I can consider for my needs?,leave_partial
386,I would like to know the types of partial leave that are offered in different situations.,leave_partial
385,Can you list the available options for partial leave based on specific requirements?,leave_partial
384,Are there specific categories of partial leave appropriate for different scenarios?,leave_partial
383,Could you please provide an overview of the types of partial leave that are available?,leave_partial
382,What are the different types of partial leave that can be taken in various circumstances?,leave_partial
343,Can you provide me with a list of partial leaves available for different situations?,leave_partial
381,I'm interested in understanding the options for partial leave.,leave_partial
379,Are there different categories of partial leave depending on the situation?,leave_partial
378,Could you provide me with information on the different types of partial leave available?,leave_partial
377,What are the categories of partial leave that I can choose from?,leave_partial
376,I would like to know the various types of partial leave offered.,leave_partial
375,Can you list the options for partial leave based on different requirements?,leave_partial
374,Are there specific types of partial leave suitable for particular circumstances?,leave_partial
373,Could you please explain the different categories of partial leave?,leave_partial
372,What are the types of partial leave that can be considered for specific scenarios?,leave_partial
371,I'm interested in knowing the options for partial leave in different situations.,leave_partial
370,Can you give me an overview of the types of partial leave that are available?,leave_partial
380,Can you outline the types of partial leave that exist for different needs?,leave_partial
342,What are the different types of partial leave that can be taken?,leave_partial
363,Could you please outline the types of partial leave that are available?,leave_partial
392,How many days can I regularize in a month?,leave_reg
420,Can you inform me about the maximum count of regularizations in a month?,leave_reg
419,Is there a set number of times I can regularize within a month?,leave_reg
418,Could you clarify the limit on the number of regularizations per month?,leave_reg
417,What is the maximum frequency of regularizations allowed in a month?,leave_reg
416,How often can I request regularization in a single month?,leave_reg
415,Can you provide information on the monthly cap for regularizations?,leave_reg
414,What is the maximum number of times I can regularize in one month?,leave_reg
413,Is there a restriction on the frequency of regularization within a month?,leave_reg
412,Could you please tell me the monthly limit for regularizations?,leave_reg
411,What is the maximum number of times I can regularize within a month?,leave_reg
410,Is there a specific number of regularizations I can have per month?,leave_reg
409,How many times can I request regularization in a month?,leave_reg
421,What is the maximum number of regularizations I can have in a single month?,leave_reg
408,Can you clarify the maximum allowance for regularization within a month?,leave_reg
406,Is there a cap on the frequency of regularization allowed in a month?,leave_reg
405,Could you please inform me about the monthly restriction on the number of times I can regularize?,leave_reg
404,What is the maximum count of regularizations I can request in a single month?,leave_reg
403,Can you provide details on the maximum number of times I can regularize in a month?,leave_reg
402,Is there a set limit on the number of times I can regularize within a calendar month?,leave_reg
401,What is the maximum frequency of regularization I can have in a month?,leave_reg
400,Is there a specific number of times I can regularize in a monthly period?,leave_reg
399,Could you clarify the limit on the frequency of regularization within a month?,leave_reg
398,What is the maximum number of regularizations permitted in a month?,leave_reg
397,How many times am I allowed to regularize in a month?,leave_reg
396,Is there a restriction on the number of times I can regularize within a month?,leave_reg
395,Can you please provide information on the maximum frequency of regularization in a month?,leave_reg
407,What is the maximum limit for the number of regularizations in a single month?,leave_reg
422,Could you please explain the monthly limit for the number of times I can regularize?,leave_reg
423,Is there a cap on the number of regularizations in a month?,leave_reg
424,What is the maximum allowance for regularizations within a month?,leave_reg
451,What is the maximum frequency of regularizations permitted in a month?,leave_reg
450,How often can I request regularizations within a month?,leave_reg
449,Can you provide information on the monthly limit for the number of times I can regularize?,leave_reg
448,What is the maximum count of regularizations I can request in a month?,leave_reg
447,Is there a cap on the number of regularizations I can have in a month?,leave_reg
446,Could you please inform me about the monthly restriction on regularizations?,leave_reg
445,What is the maximum number of times I can request regularizations in a month?,leave_reg
444,Is there a specific limit on the frequency of regularizations per month?,leave_reg
443,How many times can I regularize in a single month?,leave_reg
442,Can you clarify the maximum number of regularizations within a month?,leave_reg
441,What is the maximum allowance for regularizations in a month?,leave_reg
440,Is there a cap on the number of times I can regularize in a month?,leave_reg
439,Could you please provide details on the monthly limit for regularizations?,leave_reg
438,What is the maximum number of regularizations allowed in a month?,leave_reg
437,Can you explain the maximum count of regularizations for a month?,leave_reg
436,Is there a set maximum for the number of times I can regularize in a month?,leave_reg
435,Could you clarify the limit on the number of regularizations within a month?,leave_reg
434,What is the maximum frequency of regularizations in a month?,leave_reg
433,How often can I regularize in one month?,leave_reg
432,Can you inform me about the monthly limit on the number of regularizations?,leave_reg
431,What is the maximum count of regularizations permitted in a single month?,leave_reg
430,Is there a cap on the frequency of regularizations within a month?,leave_reg
429,Could you please provide information on the monthly restriction for regularizations?,leave_reg
428,What is the maximum number of times I can request regularization in a month?,leave_reg
427,Is there a specific limit on the number of regularizations per month?,leave_reg
426,How many times can I regularize in a calendar month?,leave_reg
425,Can you clarify the maximum number of times I can regularize in a month?,leave_reg
394,What is the monthly cap on the number of times I can regularize?,leave_reg
393,Is there a maximum limit on the number of times I can regularize in a single month?,leave_reg
166,Could you explain the various types of leaves that employees can take advantage of?,leave_type
216,"What are the various leave categories that exist, and how do they differ from each other?",leave_type
185,Can you describe the various leave options that are available to employees?,leave_type
184,What are the different types of leaves that I can take advantage of?,leave_type
183,Could you give me a breakdown of the various leave categories that exist?,leave_type
182,What are the different kinds of leaves that I can avail as an employee?,leave_type
181,I'm looking for information on the types of leaves that I can take. Can you tell me more?,leave_type
180,"What are the various types of leaves that employees can take, and what are their purposes?",leave_type
179,I'm not sure what kinds of leaves I'm eligible for. Could you provide some information,leave_type
178,Can you explain the different categories of leaves that employees can avail?,leave_type
177,"What are the different leave options that I have as an employee, and how do they work?",leave_type
176,Could you provide a list of the different types of leaves that are typically offered to employees?,leave_type
175,What are the various leave categories that employees can choose to take?,leave_type
174,I'm interested in learning about the different kinds of leaves that exist. Could you help me?,leave_type
173,Can you describe the various leave options that are available to employees?,leave_type
172,What are the different types of leaves that I can take advantage of?,leave_type
171,Could you give me a breakdown of the various leave categories that exist?,leave_type
170,What are the different kinds of leaves that I can avail as an employee?,leave_type
169,I'm looking for information on the types of leaves that I can take. Can you tell me more?,leave_type
168,Can you provide an overview of the different types of leaves that are available to employees?,leave_type
157,Can you provide a list of the various leave categories that exist?,leave_type
158,I'm curious about the different kinds of leaves that I can avail. Could you tell me more?,leave_type
159,"Are there different leave options available to employees? If so, what are they?",leave_type
160,Can you explain the different types of leaves that employees are eligible for?,leave_type
161,I'm not familiar with the different types of leaves that I can take. Could you provide some information?,leave_type
162,What are the various leave categories that employees can choose from?,leave_type
163,Could you outline the different types of leaves that are typically offered to employees?,leave_type
164,I'm interested in learning about the different kinds of leaves that are available to me. Can you help?,leave_type
165,What are the different leave options that I have as an employee?,leave_type
186,I'm interested in learning about the different kinds of leaves that exist. Could you help me,leave_type
167,What are the leave categories that employees can choose from?,leave_type
187,What are the various leave categories that employees can choose to take?,leave_type
156,What are the different types of leaves that employees can take?,leave_type
215,I'm curious about the different kinds of leaves that I can take. Could you provide some details on each one?,leave_type
214,"Can you explain the various types of leaves that employees can avail, and how they are tracked in the leave management system?",leave_type
213,"What are the different leave options that I have, and how do they affect my employment status?",leave_type
212,"Could you provide a list of the different types of leaves that are typically offered to employees, and how long they last?",leave_type
211,"What are the different leave categories that employees can choose from, and how do they impact my work schedule?",leave_type
210,I'm not sure what kinds of leaves I can take. Could you provide some information on the options available to me?,leave_type
209,"Can you describe the various types of leaves that employees can take, and how they are calculated?",leave_type
208,"What are the different kinds of leaves that are available to employees, and how do they affect my pay?",leave_type
207,"Could you explain the various leave categories that exist, and how they are approved?",leave_type
206,"What are the different types of leaves that I can take advantage of, and how do they impact my leave balance?",leave_type
205,I'm interested in learning about the different kinds of leaves that employees can take. Could you tell me more?,leave_type
204,"Can you provide an overview of the different types of leaves that are typically offered to employees, and how they are credited?",leave_type
203,"What are the various leave categories that exist, and how are they managed?",leave_type
202,"Could you outline the various types of leaves that employees can take, and what the requirements are for each?",leave_type
201,"What are the different leave options that are available to employees, and how do they work together?",leave_type
200,I'm not familiar with the different types of leaves that I can take. Could you provide some details?,leave_type
199,"Can you explain the different kinds of leaves that employees can choose to take, and how they are tracked?",leave_type
198,"Could you give me a breakdown of the different types of leaves that I can avail, and how many I can take?",leave_type
197,"What are the various leave categories that are available to employees, and how do they work?",leave_type
196,I'm curious about the different types of leaves that I can take as an employee. Could you provide some information?,leave_type
195,"Can you describe the different types of leaves that employees can take, and how they are credited?",leave_type
194,"What are the different leave categories that employees can choose from, and how do they differ?",leave_type
193,Could you provide an overview of the different types of leaves that employees can avail?,leave_type
192,"What are the various types of leaves that employees can take, and what are their purposes?",leave_type
191,I'm not sure what kinds of leaves I'm eligible for. Could you provide some information?,leave_type
190,Can you explain the different categories of leaves that employees can avail?,leave_type
189,"What are the different leave options that I have as an employee, and how do they work?",leave_type
188,Could you provide a list of the different types of leaves that are typically offered to employees?,leave_type
217,"Could you give me a breakdown of the different types of leaves that employees can take, and what the process is for requesting them?",leave_type
0,When will my earned leaves be credited to my leave balance?,leave_year_count
11,What is the frequency of updating and crediting earned leaves to the leave balance?,leave_year_count
23,Are earned leaves credited immediately to the leave balance upon eligibility?,leave_year_count
22,When can I start utilizing my earned leaves after they have been credited to the leave balance?,leave_year_count
21,Is there a waiting period before earned leaves are added to the leave balance?,leave_year_count
20,Are there any specific conditions or requirements for earned leaves to be credited to the leave balance?,leave_year_count
19,Can you provide details on the timing of earned leaves being credited to the leave balance?,leave_year_count
18,When do earned leaves become available in the leave balance?,leave_year_count
17,Is there a set time frame for earned leaves to be credited to the leave balance?,leave_year_count
16,How often are earned leaves added to the leave balance?,leave_year_count
15,Is there a specific day of the month when earned leaves are credited to the leave balance?,leave_year_count
14,When exactly do earned leaves get added to the leave balance?,leave_year_count
13,Are earned leaves credited to the leave balance on a monthly basis?,leave_year_count
12,Do earned leaves get credited to the leave balance at the beginning or end of the month?,leave_year_count
10,When does the system update and credit earned leaves to the leave balance?,leave_year_count
9,Is there a fixed date for earned leaves to be credited to the leave balance?,leave_year_count
8,Can you provide information on the process of crediting earned leaves to the leave balance?,leave_year_count
7,What is the schedule for adding earned leaves to the leave balance?,leave_year_count
6,When should I expect my earned leaves to be updated in my leave balance?,leave_year_count
5,Is there a specific date or time frame for the crediting of earned leaves?,leave_year_count
4,How long does it take for earned leaves to be reflected in the leave balance?,leave_year_count
24,What is the duration between earning earned leaves and their crediting to the leave balance?,leave_year_count
3,At what point are earned leaves credited to the leave balance?,leave_year_count
25,Is there a specific time frame for earned leaves to be processed and added to the leave balance?,leave_year_count
47,When can I start enjoying my earned leaves after they have been credited to the leave balance?,leave_year_count
28,When can I start applying for earned leaves once they are credited to the leave balance?,leave_year_count
29,How soon can I take advantage of my earned leaves after they have been credited to the leave balance?,leave_year_count
30,Is there a specific period when earned leaves are credited to the leave balance?,leave_year_count
31,Are earned leaves credited to the leave balance on a quarterly basis?,leave_year_count
32,When can I check my leave balance to see if my earned leaves have been credited?,leave_year_count
33,Is there a specific time of the year when earned leaves are credited to the leave balance?,leave_year_count
34,Are earned leaves credited to the leave balance on a weekly basis?,leave_year_count
35,Is there a standard procedure for crediting earned leaves to the leave balance?,leave_year_count
36,When can I start planning my time off after my earned leaves have been credited to the leave balance?,leave_year_count
37,Are there any exceptions or variations in the timing of earned leaves being credited to the leave balance?,leave_year_count
38,Is there a specific time of the day when earned leaves are credited to the leave balance?,leave_year_count
39,What is the process for verifying that earned leaves have been successfully credited to the leave balance?,leave_year_count
40,Are earned leaves credited to the leave balance at the beginning or end of the week?,leave_year_count
41,When can I expect my earned leaves to be available for use from the leave balance?,leave_year_count
42,Is there a specific time frame for earned leaves to be approved and added to the leave balance?,leave_year_count
43,Do earned leaves get credited to the leave balance on a daily basis?,leave_year_count
44,When can I start planning my vacations once my earned leaves are credited to the leave balance?,leave_year_count
45,Is there a specific month when earned leaves are credited to the leave balance?,leave_year_count
46,Are earned leaves credited to the leave balance on a yearly basis?,leave_year_count
48,Is there a specific time frame for earned leaves to be processed and reflected in the leave balance?,leave_year_count
27,Is there a delay in crediting earned leaves to the leave balance during certain periods or seasons?,leave_year_count
26,Do I need to submit any documents or forms for earned leaves to be credited to the leave balance?,leave_year_count
1,What is the timeline for earning and crediting leaves to my balance?,leave_year_count
2,When can I expect my earned leaves to be added to my leave balance?,leave_year_count
680,What are the correct procedures for claiming expenses?,pay_exp
652,Could you guide me on how to submit an expense claim?,pay_exp
651,What is the procedure for claiming expenses?,pay_exp
683,What are the necessary actions I need to take when claiming expenses?,pay_exp
684,How can I formally submit my expense claim?,pay_exp
685,Can you explain the detailed process of claiming expenses?,pay_exp
686,What is the recommended method for submitting an expense claim?,pay_exp
687,Could you explain the specific actions to take when claiming expenses?,pay_exp
688,Can you provide a comprehensive guide on how to claim expenses?,pay_exp
689,How can I ensure a successful and efficient expense claim submission?,pay_exp
681,Can you provide a step-by-step breakdown of the process to submit an expense claim?,pay_exp
691,What is the formal procedure for submitting an expense claim?,pay_exp
692,Could you provide a step-by-step explanation of how to claim expenses?,pay_exp
693,I'm unsure about the proper process to claim expenses. Can you clarify it for me?,pay_exp
694,What are the necessary steps I need to follow to claim expenses correctly?,pay_exp
695,How does one officially submit an expense claim?,pay_exp
696,Can you explain the detailed process of claiming expenses in depth?,pay_exp
697,What is the recommended approach for submitting an expense claim?,pay_exp
698,Could you explain the specific steps to take for claiming expenses?,pay_exp
699,Can you provide a thorough guide on how to claim expenses?,pay_exp
700,How can I ensure a smooth and successful expense claim process?,pay_exp
653,I'm interested in knowing how to claim expenses. Can you explain the process?,pay_exp
654,Can you provide step-by-step instructions on how to claim expenses?,pay_exp
690,Can you guide me on how to accurately claim expenses?,pay_exp
656,Can you explain the exact steps to follow when claiming expenses?,pay_exp
655,How can I formally submit an expense claim?,pay_exp
678,Could you provide a clear explanation of the exact steps to claim expenses?,pay_exp
677,What is the appropriate process for submitting an expense claim?,pay_exp
676,Can you guide me on how to claim expenses properly?,pay_exp
675,How can I ensure a smooth and efficient expense claim process?,pay_exp
674,Can you provide a comprehensive explanation of how to claim expenses?,pay_exp
673,Could you explain the specific steps to follow when claiming expenses?,pay_exp
672,What is the recommended way to submit an expense claim?,pay_exp
671,Can you explain the process of claiming expenses in detail?,pay_exp
670,How does one officially claim expenses?,pay_exp
669,What are the necessary steps I need to follow in order to claim expenses?,pay_exp
668,I'm unsure about how to claim expenses. Can you clarify it for me?,pay_exp
679,I would appreciate it if you could provide a detailed explanation of how to claim expenses.,pay_exp
667,Could you provide a step-by-step guide on how to claim expenses?,pay_exp
657,What is the recommended process for submitting an expense claim?,pay_exp
658,Can you provide a clear explanation of how to claim expenses?,pay_exp
659,How do I properly go about claiming expenses?,pay_exp
660,Could you guide me on the steps to submit an expense claim?,pay_exp
661,I would appreciate it if you could explain the process for claiming expenses.,pay_exp
666,What is the formal way to submit an expense claim?,pay_exp
663,Can you provide a detailed explanation of how to claim expenses?,pay_exp
664,How can I ensure a successful expense claim submission?,pay_exp
665,Can you guide me on how to claim expenses accurately?,pay_exp
682,I'm unsure about the process to claim expenses. Can you provide guidance?,pay_exp
662,What are the correct actions to take when submitting an expense claim?,pay_exp
624,Could you guide me on how to locate FBP properly?,pay_fbp
623,What is the precise place where FBP is located?,pay_fbp
622,Can you explain the exact location of FBP?,pay_fbp
621,How can I formally find FBP?,pay_fbp
620,I would appreciate it if you could tell me where to find FBP.,pay_fbp
619,Can you explain the specific place where FBP is located?,pay_fbp
618,What is the recommended way to find FBP?,pay_fbp
617,I'm unsure about the whereabouts of FBP. Can you shed some light on it?,pay_fbp
616,Can you guide me on how to locate FBP?,pay_fbp
615,Could you provide a clear explanation of where to find FBP?,pay_fbp
614,What is the proper way to find FBP?,pay_fbp
612,I'm interested in learning more about how to locate FBP. Can you provide some guidance?,pay_fbp
611,Could you enlighten me on the whereabouts of FBP? Where can I find it?,pay_fbp
610,What is the correct way to find FBP?,pay_fbp
609,Can you tell me the precise location of FBP?,pay_fbp
627,What are the correct instructions to follow when trying to find FBP?,pay_fbp
607,I would like to know the exact spot where FBP is located. Can you assist me with that?,pay_fbp
606,How can I go about finding FBP?,pay_fbp
605,Can you provide me with the specific location of FBP?,pay_fbp
604,I'm curious about the whereabouts of FBP. Can you tell me where to find it?,pay_fbp
603,Could you please guide me on where to locate FBP?,pay_fbp
602,What is the exact place to find FBP?,pay_fbp
613,Can you clarify the exact location of FBP?,pay_fbp
608,Is there a specific place where I can find FBP?,pay_fbp
641,Can you explain the step-by-step process of finding FBP?,pay_fbp
629,Can you guide me on how to find FBP correctly?,pay_fbp
628,Could you provide a clear explanation of the specific location of FBP?,pay_fbp
650,How does one officially find FBP?,pay_fbp
649,What are the necessary steps I need to follow in order to locate FBP?,pay_fbp
648,I'm unsure about where to find FBP. Can you clarify it for me?,pay_fbp
647,Could you provide a step-by-step guide on how to find FBP?,pay_fbp
646,What is the formal way to locate FBP?,pay_fbp
645,Can you guide me on how to find FBP accurately?,pay_fbp
644,Could you provide a clear explanation of the exact location of FBP?,pay_fbp
643,What are the correct actions to take when trying to find FBP?,pay_fbp
642,I'm curious about the specific location of FBP. Can you provide that information?,pay_fbp
625,Can you provide directions on where to find FBP?,pay_fbp
626,I'm interested in knowing the exact location of FBP. Can you provide that information?,pay_fbp
639,I need assistance in knowing how to find FBP. Can you help me with that?,pay_fbp
638,Can you tell me the exact place or address where FBP is located?,pay_fbp
637,Could you explain the process of locating FBP in detail?,pay_fbp
636,What are the necessary steps I need to take in order to find FBP?,pay_fbp
635,I'm unsure about where FBP is located. Can you clarify it for me?,pay_fbp
634,Can you provide the exact coordinates or address of FBP?,pay_fbp
633,How can I go about locating FBP?,pay_fbp
632,I would appreciate it if you could provide directions on finding FBP.,pay_fbp
631,Can you explain the specific spot where FBP is located?,pay_fbp
630,What is the recommended place to find FBP?,pay_fbp
640,What is the recommended process for locating FBP?,pay_fbp
717,I'm unsure about the email alias for POSH. Can you clarify it for me?,posh
718,Could you explain how to find the email alias for POSH?,posh
719,I need to know the email alias associated with POSH. Can you provide that information?,posh
720,What is the designated email alias for the POSH module?,posh
724,What is the email alias that is associated with the POSH module?,posh
722,I would like to know the email alias associated with POSH. Can you provide that information?,posh
723,Can you provide the specific email alias that is used for POSH?,posh
716,Can you provide the specific email alias that corresponds to POSH?,posh
725,I need to know the email alias used for POSH. Can you provide that information?,posh
721,What is the email alias that corresponds to the POSH module?,posh
715,What is the designated email alias used for the POSH module?,posh
709,I need to know the email alias for POSH. Can you assist me?,posh
713,Could you guide me on how to find the email alias for POSH?,posh
712,What is the email alias that is used for the POSH module?,posh
711,I'm interested in finding out the email alias associated with POSH. Can you provide it?,posh
710,Can you provide the specific email alias used for POSH?,posh
708,Could you provide the email alias associated with the POSH module?,posh
707,What is the email alias that corresponds to POSH?,posh
706,Can you tell me the specific email alias used for POSH?,posh
705,How can I obtain the email alias for POSH?,posh
704,What is the designated email alias for POSH?,posh
702,Can you provide the email alias associated with POSH?,posh
701,What is the email alias used for POSH?,posh
714,I would like to know the email alias associated with POSH. Can you help me with that?,posh
703,I'm looking for the alias email for POSH. Can you help me find it?,posh
727,Could you guide me on how to obtain the email alias for POSH?,posh
726,I'm looking for the email alias for POSH. Can you assist me in finding it?,posh
315,Can you guide me on how to request for working remotely? I would appreciate your assistance.,wfh
314,I am interested in applying for work from home. Could you please explain the process to me?,wfh
313,Can you please provide me with information on how to request remote work? I am considering this option.,wfh
312,What is the process for requesting work from home? I would like to know how to proceed.,wfh
311,How can I apply for working from home? I would like to explore this possibility.,wfh
310,What steps do I need to take in order to apply for remote work? I would appreciate your advice.,wfh
309,I am interested in working remotely. Could you please guide me on how to make a formal request,wfh
308,Can you please explain the steps involved in applying for work from home? I am interested in pursuing this option.,wfh
307,How can I submit a formal request to work from home? I would like to understand the process.,wfh
316,What is the procedure for applying for remote work? I would like to pursue this opportunity,wfh
306,I would like to know how to apply for remote work. Can you please provide the necessary information?,wfh
304,Can you guide me on how to request for remote work? I am interested in exploring this opportunity.,wfh
303,I am considering applying for work from home. Could you please outline the process for me?,wfh
302,How do I go about submitting a request to work from home? Any insights would be helpful.,wfh
301,What are the necessary steps to apply for working from home? I would be grateful for your guidance.,wfh
300,Can you please provide me with information on how to request work from home? I am eager to apply.,wfh
299,I would like to request to work from home. Can you please assist me with the application process?,wfh
298,Could you please advise me on how to apply for remote work? I am interested in exploring this option.,wfh
297,What is the process for requesting to work remotely? I would appreciate any information you can provide.,wfh
296,How can I apply for work from home? I would love to know the procedure and any requirements.,wfh
305,What is the procedure for applying for work from home? Your assistance would be highly appreciated.,wfh
317,I would like to know how to apply for work from home. Could you please provide the necessary details?,wfh
293,Can you please provide guidance on applying for work from home? I would like to know the process involved.,wfh
319,Can you please explain the steps involved in applying for working from home? I would appreciate your guidance.,wfh
340,I would like to know how to apply for work from home. Can you please provide the necessary information?,wfh
339,What is the procedure for applying for remote work? I would like to pursue this opportunity.,wfh
338,Can you guide me on how to request for working remotely? I would appreciate your guidance.,wfh
337,I am interested in applying for work from home. Could you please explain the steps to me?,wfh
336,Can you please provide me with information on how to request remote work? I am considering this option.,wfh
335,What is the process for requesting work from home? I would like to understand how to proceed.,wfh
334,How can I apply for working from home? I would like to know the process involved.,wfh
333,What steps do I need to take in order to apply for remote work? I would appreciate your assistance.,wfh
332,I am interested in working remotely. Could you please advise me on how to make a formal request?,wfh
331,Can you please explain the process for applying for work from home? I am interested in exploring this possibility.,wfh
330,How can I submit a formal request to work remotely? I would like to understand the necessary steps.,wfh
329,I would like to know how to apply for work from home. Can you please guide me through the process?,wfh
328,Can you please provide me with information on how to request work from home? I am interested in pursuing this option.,wfh
327,What is the procedure for requesting remote work? I would appreciate your guidance.,wfh
326,How can I apply for working from home? I would like to explore this opportunity.,wfh
325,I am interested in working remotely. Could you please outline the steps for me?,wfh
324,Can you please provide me with information on how to apply for remote work? I am considering this option.,wfh
323,What is the process for requesting to work from home? I would like to understand the procedure.,wfh
322,How can I apply for remote work? I am interested in pursuing this possibility.,wfh
321,What steps do I need to take in order to request work from home? I would appreciate your advice.,wfh
320,I am considering applying for remote work. Could you please guide me on how to proceed?,wfh
295,I am interested in requesting to work from home. Could you please guide me on how to submit the request?,wfh
318,How can I submit a request to work remotely? I am interested in exploring this option.,wfh
341,Can you please explain the steps involved in applying for working from home? I would appreciate your guidance.,wfh
294,What steps do I need to follow in order to apply for working remotely? I would appreciate your guidance.,wfh
506,Can you explain the process of tracking attendance for employees working from home?,wfh_attendance
531,Can you explain the role of HR in monitoring attendance during remote work?,wfh_attendance
532,Are there any employee feedback mechanisms related to attendance tracking during WFH?,wfh_attendance
533,How do companies handle attendance tracking for employees with multiple remote work locations?,wfh_attendance
534,What are the considerations for tracking attendance for employees working in different countries during remote work?,wfh_attendance
535,Can you provide examples of attendance tracking policies for remote employees?,wfh_attendance
536,How do companies handle attendance tracking for employees with flexible work arrangements during remote work?,wfh_attendance
537,Are there any tools or methods to track attendance without relying on employees' self-reporting?,wfh_attendance
538,How do companies address attendance tracking for employees with non-traditional work schedules during remote work?,wfh_attendance
539,What are the potential benefits of real-time attendance tracking for remote employees?,wfh_attendance
540,Can you explain the role of supervisors in monitoring attendance during remote work?,wfh_attendance
541,How do companies handle attendance tracking for employees with intermittent availability during remote work?,wfh_attendance
542,Are there any compliance requirements related to attendance tracking during WFH?,wfh_attendance
543,How do companies ensure data security and confidentiality in attendance tracking for remote workers?,wfh_attendance
544,What are the considerations for tracking attendance for employees working in different time zones during remote work?,wfh_attendance
545,Can you provide examples of attendance tracking methods that promote work-life balance during WFH?,wfh_attendance
546,How do companies handle attendance tracking for employees with overlapping work schedules during remote work?,wfh_attendance
547,What are the potential drawbacks of using automated attendance tracking systems for remote employees?,wfh_attendance
548,How do companies address attendance tracking for employees with part-time remote work arrangements?,wfh_attendance
549,Are there any employee recognition programs related to attendance tracking during WFH?,wfh_attendance
550,How do companies handle attendance tracking for employees with flexible break times during remote work?,wfh_attendance
551,Can you explain the role of IT departments in ensuring accurate attendance tracking during remote work?,wfh_attendance
530,How do companies address attendance tracking for employees with varying work hours during remote work?,wfh_attendance
505,Are there any challenges in tracking attendance during remote work?,wfh_attendance
529,What are the potential risks of manual attendance tracking for remote employees?,wfh_attendance
527,How do companies handle attendance tracking for employees on extended leave during remote work?,wfh_attendance
503,Is there a specific software or tool used to monitor attendance during WFH?,wfh_attendance
502,What are the different ways to track attendance for remote employees?,wfh_attendance
507,What measures can be taken to prevent attendance fraud during remote work?,wfh_attendance
508,Are there any legal considerations when tracking attendance for remote employees?,wfh_attendance
509,How do companies handle attendance tracking for employees in different time zones?,wfh_attendance
510,What role does technology play in monitoring attendance during remote work?,wfh_attendance
511,Are there any privacy concerns related to tracking attendance during WFH?,wfh_attendance
512,How do companies address attendance issues for remote workers?,wfh_attendance
513,Are there any best practices for tracking attendance during remote work?,wfh_attendance
514,Can you provide examples of attendance tracking software for remote employees?,wfh_attendance
528,Are there any employee engagement strategies related to attendance tracking during WFH?,wfh_attendance
515,How do companies ensure fairness and accuracy in attendance tracking for remote workers?,wfh_attendance
517,How do companies handle attendance tracking for employees with flexible work schedules?,wfh_attendance
518,Are there any tools or methods to track attendance without invading employees' privacy?,wfh_attendance
519,How do companies verify the authenticity of attendance records for remote employees?,wfh_attendance
520,What are the consequences of inaccurate attendance tracking during remote work?,wfh_attendance
521,How do companies handle attendance tracking for employees with intermittent internet connectivity?,wfh_attendance
522,Can you explain the role of managers in monitoring attendance during remote work?,wfh_attendance
523,Are there any industry-specific considerations for tracking attendance during WFH?,wfh_attendance
524,How do companies ensure accountability in attendance tracking for remote workers?,wfh_attendance
525,What are the common metrics used to evaluate attendance during remote work?,wfh_attendance
526,Can you provide examples of companies that have successfully implemented attendance tracking for remote employees?,wfh_attendance
516,What are the benefits of using automated attendance tracking systems for remote work?,wfh_attendance
504,How do companies ensure accurate attendance records for remote workers?,wfh_attendance
