Text,Intent
When will my earned leaves be credited to my leave balance?,leave_year_count
What is the timeline for earning and crediting leaves to my balance?,leave_year_count
When can I expect my earned leaves to be added to my leave balance?,leave_year_count
At what point are earned leaves credited to the leave balance?,leave_year_count
How long does it take for earned leaves to be reflected in the leave balance?,leave_year_count
Is there a specific date or time frame for the crediting of earned leaves?,leave_year_count
When should I expect my earned leaves to be updated in my leave balance?,leave_year_count
What is the schedule for adding earned leaves to the leave balance?,leave_year_count
Can you provide information on the process of crediting earned leaves to the leave balance?,leave_year_count
Is there a fixed date for earned leaves to be credited to the leave balance?,leave_year_count
When does the system update and credit earned leaves to the leave balance?,leave_year_count
What is the frequency of updating and crediting earned leaves to the leave balance?,leave_year_count
Do earned leaves get credited to the leave balance at the beginning or end of the month?,leave_year_count
Are earned leaves credited to the leave balance on a monthly basis?,leave_year_count
When exactly do earned leaves get added to the leave balance?,leave_year_count
Is there a specific day of the month when earned leaves are credited to the leave balance?,leave_year_count
How often are earned leaves added to the leave balance?,leave_year_count
Is there a set time frame for earned leaves to be credited to the leave balance?,leave_year_count
When do earned leaves become available in the leave balance?,leave_year_count
Can you provide details on the timing of earned leaves being credited to the leave balance?,leave_year_count
Are there any specific conditions or requirements for earned leaves to be credited to the leave balance?,leave_year_count
Is there a waiting period before earned leaves are added to the leave balance?,leave_year_count
When can I start utilizing my earned leaves after they have been credited to the leave balance?,leave_year_count
Are earned leaves credited immediately to the leave balance upon eligibility?,leave_year_count
What is the duration between earning earned leaves and their crediting to the leave balance?,leave_year_count
Is there a specific time frame for earned leaves to be processed and added to the leave balance?,leave_year_count
Do I need to submit any documents or forms for earned leaves to be credited to the leave balance?,leave_year_count
Is there a delay in crediting earned leaves to the leave balance during certain periods or seasons?,leave_year_count
When can I start applying for earned leaves once they are credited to the leave balance?,leave_year_count
How soon can I take advantage of my earned leaves after they have been credited to the leave balance?,leave_year_count
Is there a specific period when earned leaves are credited to the leave balance?,leave_year_count
Are earned leaves credited to the leave balance on a quarterly basis?,leave_year_count
When can I check my leave balance to see if my earned leaves have been credited?,leave_year_count
Is there a specific time of the year when earned leaves are credited to the leave balance?,leave_year_count
Are earned leaves credited to the leave balance on a weekly basis?,leave_year_count
Is there a standard procedure for crediting earned leaves to the leave balance?,leave_year_count
When can I start planning my time off after my earned leaves have been credited to the leave balance?,leave_year_count
Are there any exceptions or variations in the timing of earned leaves being credited to the leave balance?,leave_year_count
Is there a specific time of the day when earned leaves are credited to the leave balance?,leave_year_count
What is the process for verifying that earned leaves have been successfully credited to the leave balance?,leave_year_count
Are earned leaves credited to the leave balance at the beginning or end of the week?,leave_year_count
When can I expect my earned leaves to be available for use from the leave balance?,leave_year_count
Is there a specific time frame for earned leaves to be approved and added to the leave balance?,leave_year_count
Do earned leaves get credited to the leave balance on a daily basis?,leave_year_count
When can I start planning my vacations once my earned leaves are credited to the leave balance?,leave_year_count
Is there a specific month when earned leaves are credited to the leave balance?,leave_year_count
Are earned leaves credited to the leave balance on a yearly basis?,leave_year_count
When can I start enjoying my earned leaves after they have been credited to the leave balance?,leave_year_count
Is there a specific time frame for earned leaves to be processed and reflected in the leave balance?,leave_year_count
When can I expect my earned leaves to be credited to my account?,leave_date
Is there a specific date when the earned leaves are added to my leave balance?,leave_date
How often are the earned leaves credited to my account?,leave_date
Can you tell me the date when my leave balance gets updated with earned leaves?,leave_date
At what frequency are the earned leaves credited to my leave balance?,leave_date
When should I expect my earned leaves to be added to my account?,leave_date
How long does it take for earned leaves to reflect in my leave balance?,leave_date
Is there a fixed date when the earned leaves are credited to my account?,leave_date
When will I see my earned leaves reflected in my leave balance?,leave_date
When can I start using my earned leaves after they are credited?,leave_date
How can I check if my earned leaves have been credited to my leave balance?,leave_date
Is there a delay between earning leaves and their crediting to my account?,leave_date
When will I know that my earned leaves have been added to my leave balance?,leave_date
On which date should I expect my earned leaves to be credited to my account?,leave_date
How soon after earning leaves will they be credited to my account?,leave_date
Can I request an early credit of my earned leaves to my leave balance?,leave_date
Is there a time limit for the crediting of earned leaves to my account?,leave_date
When can I start planning my leave after earning the leaves?,leave_date
At what time of the day are the earned leaves credited to my account?,leave_date
How can I confirm that my earned leaves have been credited to my account?,leave_date
On what basis are the earned leaves credited to my leave balance?,leave_date
Is there a specific day of the month when the earned leaves are credited?,leave_date
When will I receive notification of my earned leaves being credited to my account?,leave_date
Can I request a confirmation of earned leaves credited to my account?,leave_date
How do I know that the earned leaves have been credited to my account?,leave_date
Is there a limit to the number of earned leaves that can be credited at one time?,leave_date
When do I start accruing earned leaves for the current year?,leave_date
What is the time frame for the crediting of earned leaves to my account?,leave_date
When can I use the earned leaves that have been credited to my leave balance?,leave_date
Can I transfer my earned leaves to the next year if they are not credited in time?,leave_date
Is there a deadline for the crediting of earned leaves to my leave balance?,leave_date
How long does it take for the earned leaves to reflect in my leave balance?,leave_date
At what point do the earned leaves become available for use?,leave_date
What is the process for the crediting of earned leaves to my account?,leave_date
When can I expect my earned leaves to be available for use?,leave_date
How do I check my leave balance to see if the earned leaves have been credited?,leave_date
Can I request an updated leave balance reflecting the earned leaves?,leave_date
Is there a lag time between earning leaves and their crediting to my account?,leave_date
When will my leave balance show the earned leaves that have been credited?,leave_date
How do I know if my earned leaves have been credited to my account?,leave_date
Is there a specific time of the day when the earned leaves are credited to my leave balance?,leave_date
How often are the earned leaves credited to my leave balance?,leave_date
Can I request an early credit of earned leaves to my account?,leave_date
When can I start planning my leave after earning the leaves?,leave_date
On what date are the earned leaves usually credited to my account?,leave_date
How many earned leaves can I accrue in a year?,leave_date
Can I request a confirmation of earned leaves credited to my leave balance?,leave_date
Is there a delay in the crediting of earned leaves to my account?,leave_date
How do I know when my earned leaves have been credited to my leave balance?,leave_date
When can I expect my earned leaves to be added to my leave balance?,leave_date
When are earned leaves credited to the leave balance?,leave_date_count
What is the timing for crediting earned leaves to the leave balance?,leave_date_count
When can I expect my earned leaves to be credited to my leave balance?,leave_date_count
At what frequency are earned leaves added to the leave balance?,leave_date_count
Can you provide information about the process of crediting earned leaves to the leave balance?,leave_date_count
How often are earned leaves credited to the leave balance?,leave_date_count
When are earned leaves typically added to the leave balance?,leave_date_count
What is the usual time for earned leaves to be credited to the leave balance?,leave_date_count
Is there a specific date or time when earned leaves are credited to the leave balance?,leave_date_count
How does the system determine when to credit earned leaves to the leave balance?,leave_date_count
Is there a specific schedule for adding earned leaves to the leave balance?,leave_date_count
Are earned leaves credited to the leave balance on a monthly basis?,leave_date_count
Do earned leaves accumulate in the leave balance on a monthly basis?,leave_date_count
Is there a monthly allocation of earned leaves to the leave balance?,leave_date_count
How frequently are earned leaves credited to the leave balance?,leave_date_count
Do earned leaves get added to the leave balance on a regular basis?,leave_date_count
Is there a specific timeframe for crediting earned leaves to the leave balance?,leave_date_count
What is the procedure for adding earned leaves to the leave balance?,leave_date_count
Do earned leaves accrue in the leave balance at regular intervals?,leave_date_count
When can I expect my earned leaves to reflect in the leave balance?,leave_date_count
Is there a set pattern for the addition of earned leaves to the leave balance?,leave_date_count
How does the leave management system handle the crediting of earned leaves to the leave balance?,leave_date_count
Are earned leaves automatically credited to the leave balance each month?,leave_date_count
Is there a fixed date for the credit of earned leaves to the leave balance?,leave_date_count
Do earned leaves accumulate gradually in the leave balance?,leave_date_count
What is the frequency of earned leaves being added to the leave balance?,leave_date_count
Is there a specific time period for the allocation of earned leaves to the leave balance?,leave_date_count
How does the leave tracking system determine the credit of earned leaves to the leave balance?,leave_date_count
Are earned leaves added to the leave balance at the end of each month?,leave_date_count
Does the leave management system have a specific schedule for the addition of earned leaves to the leave balance?,leave_date_count
Is there a standard practice for crediting earned leaves to the leave balance?,leave_date_count
Do earned leaves accumulate over time in the leave balance?,leave_date_count
When do earned leaves become part of the leave balance?,leave_date_count
Is there a specific time frame for earned leaves to be credited to the leave balance?,leave_date_count
When do earned leaves show up in the leave balance?,leave_date_count
How does the leave tracking system calculate the credit of earned leaves to the leave balance?,leave_date_count
Are earned leaves credited to the leave balance on a predetermined date?,leave_date_count
Is there a regular interval for adding earned leaves to the leave balance?,leave_date_count
Does the leave management system follow a specific timeline for the allocation of earned leaves to the leave balance?,leave_date_count
How does the system ensure the timely credit of earned leaves to the leave balance?,leave_date_count
Are earned leaves added to the leave balance at the beginning or end of the month?,leave_date_count
Is there a specific day of the month when earned leaves are credited to the leave balance?,leave_date_count
Do earned leaves gradually accumulate in the leave balance over time?,leave_date_count
What is the process for earned leaves to be added to the leave balance?,leave_date_count
Is there a particular day or time when earned leaves are credited to the leave balance?,leave_date_count
How does the leave tracking system handle the addition of earned leaves to the leave balance?,leave_date_count
Are earned leaves credited to the leave balance on a monthly basis?,leave_date_count
Is there a fixed schedule for the addition of earned leaves to the leave balance?,leave_date_count
When do earned leaves become available in the leave balance?,leave_date_count
How does the leave management system determine the credit of earned leaves to the leave balance?,leave_date_count
Are earned leaves automatically added to the leave balance each month?,leave_date_count
Is there a specific date for the credit of earned leaves to the leave balance?,leave_date_count
Do earned leaves gradually accumulate in the leave balance over a period of time?,leave_date_count
What is the frequency of earned leaves being credited to the leave balance?,leave_date_count
Is there a specific timeframe for earned leaves to be added to the leave balance?,leave_date_count
When do earned leaves reflect in the leave balance?,leave_date_count
How does the leave tracking system calculate the addition of earned leaves to the leave balance?,leave_date_count
What are the different types of leaves that employees can take?,leave_type
Can you provide a list of the various leave categories that exist?,leave_type
I'm curious about the different kinds of leaves that I can avail. Could you tell me more?,leave_type
"Are there different leave options available to employees? If so, what are they?",leave_type
Can you explain the different types of leaves that employees are eligible for?,leave_type
I'm not familiar with the different types of leaves that I can take. Could you provide some information?,leave_type
What are the various leave categories that employees can choose from?,leave_type
Could you outline the different types of leaves that are typically offered to employees?,leave_type
I'm interested in learning about the different kinds of leaves that are available to me. Can you help?,leave_type
What are the different leave options that I have as an employee?,leave_type
Could you explain the various types of leaves that employees can take advantage of?,leave_type
What are the leave categories that employees can choose from?,leave_type
Can you provide an overview of the different types of leaves that are available to employees?,leave_type
I'm looking for information on the types of leaves that I can take. Can you tell me more?,leave_type
What are the different kinds of leaves that I can avail as an employee?,leave_type
Could you give me a breakdown of the various leave categories that exist?,leave_type
What are the different types of leaves that I can take advantage of?,leave_type
Can you describe the various leave options that are available to employees?,leave_type
I'm interested in learning about the different kinds of leaves that exist. Could you help me?,leave_type
What are the various leave categories that employees can choose to take?,leave_type
Could you provide a list of the different types of leaves that are typically offered to employees?,leave_type
"What are the different leave options that I have as an employee, and how do they work?",leave_type
Can you explain the different categories of leaves that employees can avail?,leave_type
I'm not sure what kinds of leaves I'm eligible for. Could you provide some information,leave_type
"What are the various types of leaves that employees can take, and what are their purposes?",leave_type
I'm looking for information on the types of leaves that I can take. Can you tell me more?,leave_type
What are the different kinds of leaves that I can avail as an employee?,leave_type
Could you give me a breakdown of the various leave categories that exist?,leave_type
What are the different types of leaves that I can take advantage of?,leave_type
Can you describe the various leave options that are available to employees?,leave_type
I'm interested in learning about the different kinds of leaves that exist. Could you help me,leave_type
What are the various leave categories that employees can choose to take?,leave_type
Could you provide a list of the different types of leaves that are typically offered to employees?,leave_type
"What are the different leave options that I have as an employee, and how do they work?",leave_type
Can you explain the different categories of leaves that employees can avail?,leave_type
I'm not sure what kinds of leaves I'm eligible for. Could you provide some information?,leave_type
"What are the various types of leaves that employees can take, and what are their purposes?",leave_type
Could you provide an overview of the different types of leaves that employees can avail?,leave_type
"What are the different leave categories that employees can choose from, and how do they differ?",leave_type
"Can you describe the different types of leaves that employees can take, and how they are credited?",leave_type
I'm curious about the different types of leaves that I can take as an employee. Could you provide some information?,leave_type
"What are the various leave categories that are available to employees, and how do they work?",leave_type
"Could you give me a breakdown of the different types of leaves that I can avail, and how many I can take?",leave_type
"Can you explain the different kinds of leaves that employees can choose to take, and how they are tracked?",leave_type
I'm not familiar with the different types of leaves that I can take. Could you provide some details?,leave_type
"What are the different leave options that are available to employees, and how do they work together?",leave_type
"Could you outline the various types of leaves that employees can take, and what the requirements are for each?",leave_type
"What are the various leave categories that exist, and how are they managed?",leave_type
"Can you provide an overview of the different types of leaves that are typically offered to employees, and how they are credited?",leave_type
I'm interested in learning about the different kinds of leaves that employees can take. Could you tell me more?,leave_type
"What are the different types of leaves that I can take advantage of, and how do they impact my leave balance?",leave_type
"Could you explain the various leave categories that exist, and how they are approved?",leave_type
"What are the different kinds of leaves that are available to employees, and how do they affect my pay?",leave_type
"Can you describe the various types of leaves that employees can take, and how they are calculated?",leave_type
I'm not sure what kinds of leaves I can take. Could you provide some information on the options available to me?,leave_type
"What are the different leave categories that employees can choose from, and how do they impact my work schedule?",leave_type
"Could you provide a list of the different types of leaves that are typically offered to employees, and how long they last?",leave_type
"What are the different leave options that I have, and how do they affect my employment status?",leave_type
"Can you explain the various types of leaves that employees can avail, and how they are tracked in the leave management system?",leave_type
I'm curious about the different kinds of leaves that I can take. Could you provide some details on each one?,leave_type
"What are the various leave categories that exist, and how do they differ from each other?",leave_type
"Could you give me a breakdown of the different types of leaves that employees can take, and what the process is for requesting them?",leave_type
Can I request bereavement leave if my grandparent passes away?,leave_family
Is it possible to take bereavement leave due to the loss of a grandparent?,leave_family
"If my grandparent has passed away, am I entitled to take bereavement leave?",leave_family
Does the company policy allow for bereavement leave when a grandparent dies?,leave_family
May I be granted bereavement leave in the event of my grandparent's death?,leave_family
"When a grandparent passes away, can I take time off through bereavement leave?",leave_family
Is bereavement leave offered to employees who have lost a grandparent?,leave_family
"If my grandparent passes away, will I be eligible for bereavement leave?",leave_family
Can I take time off work to attend my grandparent's funeral?,leave_family
"In the unfortunate event of my grandparent's death, can I take bereavement leave?",leave_family
"If my grandparent passes away, is there a provision for bereavement leave?",leave_family
Is bereavement leave provided for the loss of a grandparent?,leave_family
Am I allowed to take bereavement leave in case of my grandparent's demise?,leave_family
"If my grandparent dies, can I request bereavement leave?",leave_family
"When a grandparent passes away, can I be granted bereavement leave?",leave_family
Is it possible for me to take bereavement leave for my grandparent's death?,leave_family
"If my grandparent passes away, will I be given bereavement leave?",leave_family
Can I take time off work to mourn the loss of my grandparent?,leave_family
"In the event of my grandparent's death, am I entitled to bereavement leave?",leave_family
"If my grandparent dies, can I avail of bereavement leave?",leave_family
Is bereavement leave applicable for the passing of a grandparent?,leave_family
Am I eligible for bereavement leave if my grandparent dies?,leave_family
Can I take time off for the funeral of my grandparent?,leave_family
"If my grandparent passes away, can I take leave under the bereavement policy?",leave_family
Is bereavement leave allowed when a grandparent dies?,leave_family
"When my grandparent passes away, can I take bereavement leave?",leave_family
"If my grandparent dies, will I be granted bereavement leave?",leave_family
Can I request bereavement leave due to the loss of my grandparent?,leave_family
"When a grandparent passes away, am I eligible for bereavement leave?",leave_family
"If my grandparent dies, can I take time off work through bereavement leave?",leave_family
Is bereavement leave provided for the passing of a grandparent?,leave_family
Am I entitled to bereavement leave if my grandparent passes away?,leave_family
Can I take time off work to attend my grandparent's memorial service?,leave_family
"If my grandparent dies, can I avail bereavement leave?",leave_family
Is bereavement leave granted for the demise of a grandparent?,leave_family
"When a grandparent passes away, can I take leave for bereavement?",leave_family
"If my grandparent dies, will I be eligible for bereavement leave?",leave_family
Can I request bereavement leave in the event of my grandparent's passing?,leave_family
"When a grandparent passes away, am I allowed to take bereavement leave?",leave_family
"If my grandparent dies, can I take time off work to grieve?",leave_family
Is bereavement leave offered for the death of a grandparent?,leave_family
Am I eligible for bereavement leave if my grandparent passes?,leave_family
Can I take time off work to attend my grandparent's burial?,leave_family
"If my grandparent dies, can I be granted bereavement leave?",leave_family
Is bereavement leave provided when a grandparent passes away?,leave_family
"When my grandparent dies, can I take bereavement leave?",leave_family
"If my grandparent passes away, will I be entitled to bereavement leave?",leave_family
Can I take time off work to mourn the loss of my grandparent's life?,leave_family
"In the event of my grandparent's demise, am I eligible for bereavement leave?",leave_family
"If my grandparent dies, can I request bereavement leave?",leave_family
Is bereavement leave allowed for the loss of a grandparent's life?,leave_family
"When my grandparent passes away, can I take leave through the bereavement policy?",leave_family
"If my grandparent dies, can I take time off to honor their memory?",leave_family
Is bereavement leave applicable for the passing of my grandparent's life?,leave_family
Am I entitled to bereavement leave if my grandparent passes on?,leave_family
Can I take time off work to pay my respects to my grandparent?,leave_family
"If my grandparent dies, can I avail of bereavement leave to cope with the loss?",leave_family
Is bereavement leave granted for the demise of my grandparent's life?,leave_family
"When a grandparent passes away, can I take leave for bereavement purposes?",leave_family
"If my grandparent dies, will I be eligible for bereavement leave to grieve?",leave_family
Can I request bereavement leave in the unfortunate event of my grandparent's passing?,leave_family
"When a grandparent passes away, am I allowed to take bereavement leave to mourn?",leave_family
"If my grandparent dies, can I take time off work to attend the funeral proceedings?",leave_family
Is bereavement leave offered for the death of my grandparent's life?,leave_family
Am I eligible for bereavement leave if my grandparent passes away peacefully?,leave_family
Can I take time off work to remember and honor my grandparent's life?,leave_family
"If my grandparent dies, can I be granted bereavement leave to cope with the loss?",leave_family
Is bereavement leave provided when a grandparent passes away suddenly?,leave_family
"When my grandparent dies, can I take bereavement leave to deal with the loss?",leave_family
"If my grandparent passes away, will I be entitled to bereavement leave to mourn?",leave_family
Can I take time off work to attend the funeral service of my grandparent?,leave_family
"If my grandparent dies, can I avail of bereavement leave for the grieving process?",leave_family
Is bereavement leave granted for the passing of my grandparent's life peacefully?,leave_family
"When a grandparent passes away, can I take leave through the bereavement policy to mourn?",leave_family
"If my grandparent dies, can I take time off work to honor and remember their life?",leave_family
Can you please provide guidance on applying for work from home? I would like to know the process involved.,wfh
What steps do I need to follow in order to apply for working remotely? I would appreciate your guidance.,wfh
I am interested in requesting to work from home. Could you please guide me on how to submit the request?,wfh
How can I apply for work from home? I would love to know the procedure and any requirements.,wfh
What is the process for requesting to work remotely? I would appreciate any information you can provide.,wfh
Could you please advise me on how to apply for remote work? I am interested in exploring this option.,wfh
I would like to request to work from home. Can you please assist me with the application process?,wfh
Can you please provide me with information on how to request work from home? I am eager to apply.,wfh
What are the necessary steps to apply for working from home? I would be grateful for your guidance.,wfh
How do I go about submitting a request to work from home? Any insights would be helpful.,wfh
I am considering applying for work from home. Could you please outline the process for me?,wfh
Can you guide me on how to request for remote work? I am interested in exploring this opportunity.,wfh
What is the procedure for applying for work from home? Your assistance would be highly appreciated.,wfh
I would like to know how to apply for remote work. Can you please provide the necessary information?,wfh
How can I submit a formal request to work from home? I would like to understand the process.,wfh
Can you please explain the steps involved in applying for work from home? I am interested in pursuing this option.,wfh
I am interested in working remotely. Could you please guide me on how to make a formal request,wfh
What steps do I need to take in order to apply for remote work? I would appreciate your advice.,wfh
How can I apply for working from home? I would like to explore this possibility.,wfh
What is the process for requesting work from home? I would like to know how to proceed.,wfh
Can you please provide me with information on how to request remote work? I am considering this option.,wfh
I am interested in applying for work from home. Could you please explain the process to me?,wfh
Can you guide me on how to request for working remotely? I would appreciate your assistance.,wfh
What is the procedure for applying for remote work? I would like to pursue this opportunity,wfh
I would like to know how to apply for work from home. Could you please provide the necessary details?,wfh
How can I submit a request to work remotely? I am interested in exploring this option.,wfh
Can you please explain the steps involved in applying for working from home? I would appreciate your guidance.,wfh
I am considering applying for remote work. Could you please guide me on how to proceed?,wfh
What steps do I need to take in order to request work from home? I would appreciate your advice.,wfh
How can I apply for remote work? I am interested in pursuing this possibility.,wfh
What is the process for requesting to work from home? I would like to understand the procedure.,wfh
Can you please provide me with information on how to apply for remote work? I am considering this option.,wfh
I am interested in working remotely. Could you please outline the steps for me?,wfh
How can I apply for working from home? I would like to explore this opportunity.,wfh
What is the procedure for requesting remote work? I would appreciate your guidance.,wfh
Can you please provide me with information on how to request work from home? I am interested in pursuing this option.,wfh
I would like to know how to apply for work from home. Can you please guide me through the process?,wfh
How can I submit a formal request to work remotely? I would like to understand the necessary steps.,wfh
Can you please explain the process for applying for work from home? I am interested in exploring this possibility.,wfh
I am interested in working remotely. Could you please advise me on how to make a formal request?,wfh
What steps do I need to take in order to apply for remote work? I would appreciate your assistance.,wfh
How can I apply for working from home? I would like to know the process involved.,wfh
What is the process for requesting work from home? I would like to understand how to proceed.,wfh
Can you please provide me with information on how to request remote work? I am considering this option.,wfh
I am interested in applying for work from home. Could you please explain the steps to me?,wfh
Can you guide me on how to request for working remotely? I would appreciate your guidance.,wfh
What is the procedure for applying for remote work? I would like to pursue this opportunity.,wfh
I would like to know how to apply for work from home. Can you please provide the necessary information?,wfh
Can you please explain the steps involved in applying for working from home? I would appreciate your guidance.,wfh
What are the different types of partial leave that can be taken?,leave_partial
Can you provide me with a list of partial leaves available for different situations?,leave_partial
I would like to know the categories of partial leave that I can choose from.,leave_partial
Are there specific options for partial leave depending on the circumstances?,leave_partial
Could you please explain the various types of partial leave that exist?,leave_partial
What are the options for taking partial leave in different scenarios?,leave_partial
Can you outline the different categories of partial leave that are offered?,leave_partial
I'm interested in knowing the types of partial leave that are available.,leave_partial
Are there different kinds of partial leave that can be taken?,leave_partial
Can you give me an overview of the various options for partial leave?,leave_partial
What are the types of partial leave that I can consider in different situations?,leave_partial
Could you please provide information on the different categories of partial leave?,leave_partial
Are there specific types of partial leave that are appropriate for certain circumstances?,leave_partial
Can you list the available options for partial leave depending on the need?,leave_partial
I would like to know the different types of partial leave that are offered.,leave_partial
What are the categories of partial leave that I can avail myself of?,leave_partial
Could you explain the various types of partial leave that are available?,leave_partial
Are there different options for partial leave depending on the specific situation?,leave_partial
Can you provide me with a breakdown of the types of partial leave that exist?,leave_partial
I'm interested in understanding the various categories of partial leave.,leave_partial
What are the different types of partial leave that can be taken in different circumstances?,leave_partial
Could you please outline the types of partial leave that are available?,leave_partial
Are there specific categories of partial leave that are suitable for certain scenarios?,leave_partial
Can you list the various options for partial leave based on different needs?,leave_partial
I would like to know the types of partial leave that are provided.,leave_partial
What are the available categories of partial leave that I can choose from?,leave_partial
Could you provide information on the different types of partial leave that exist?,leave_partial
Are there different choices for partial leave depending on the circumstances?,leave_partial
Can you give me an overview of the types of partial leave that are available?,leave_partial
I'm interested in knowing the options for partial leave in different situations.,leave_partial
What are the types of partial leave that can be considered for specific scenarios?,leave_partial
Could you please explain the different categories of partial leave?,leave_partial
Are there specific types of partial leave suitable for particular circumstances?,leave_partial
Can you list the options for partial leave based on different requirements?,leave_partial
I would like to know the various types of partial leave offered.,leave_partial
What are the categories of partial leave that I can choose from?,leave_partial
Could you provide me with information on the different types of partial leave available?,leave_partial
Are there different categories of partial leave depending on the situation?,leave_partial
Can you outline the types of partial leave that exist for different needs?,leave_partial
I'm interested in understanding the options for partial leave.,leave_partial
What are the different types of partial leave that can be taken in various circumstances?,leave_partial
Could you please provide an overview of the types of partial leave that are available?,leave_partial
Are there specific categories of partial leave appropriate for different scenarios?,leave_partial
Can you list the available options for partial leave based on specific requirements?,leave_partial
I would like to know the types of partial leave that are offered in different situations.,leave_partial
What are the categories of partial leave that I can consider for my needs?,leave_partial
Could you explain the different types of partial leave that are available?,leave_partial
Are there different choices for partial leave depending on the specific circumstances?,leave_partial
Can you provide me with a breakdown of the types of partial leave that exist?,leave_partial
I'm interested in understanding the various categories of partial leave.,leave_partial
How many days can I regularize in a month?,leave_reg
Is there a maximum limit on the number of times I can regularize in a single month?,leave_reg
What is the monthly cap on the number of times I can regularize?,leave_reg
Can you please provide information on the maximum frequency of regularization in a month?,leave_reg
Is there a restriction on the number of times I can regularize within a month?,leave_reg
How many times am I allowed to regularize in a month?,leave_reg
What is the maximum number of regularizations permitted in a month?,leave_reg
Could you clarify the limit on the frequency of regularization within a month?,leave_reg
Is there a specific number of times I can regularize in a monthly period?,leave_reg
What is the maximum frequency of regularization I can have in a month?,leave_reg
Is there a set limit on the number of times I can regularize within a calendar month?,leave_reg
Can you provide details on the maximum number of times I can regularize in a month?,leave_reg
What is the maximum count of regularizations I can request in a single month?,leave_reg
Could you please inform me about the monthly restriction on the number of times I can regularize?,leave_reg
Is there a cap on the frequency of regularization allowed in a month?,leave_reg
What is the maximum limit for the number of regularizations in a single month?,leave_reg
Can you clarify the maximum allowance for regularization within a month?,leave_reg
How many times can I request regularization in a month?,leave_reg
Is there a specific number of regularizations I can have per month?,leave_reg
What is the maximum number of times I can regularize within a month?,leave_reg
Could you please tell me the monthly limit for regularizations?,leave_reg
Is there a restriction on the frequency of regularization within a month?,leave_reg
What is the maximum number of times I can regularize in one month?,leave_reg
Can you provide information on the monthly cap for regularizations?,leave_reg
How often can I request regularization in a single month?,leave_reg
What is the maximum frequency of regularizations allowed in a month?,leave_reg
Could you clarify the limit on the number of regularizations per month?,leave_reg
Is there a set number of times I can regularize within a month?,leave_reg
Can you inform me about the maximum count of regularizations in a month?,leave_reg
What is the maximum number of regularizations I can have in a single month?,leave_reg
Could you please explain the monthly limit for the number of times I can regularize?,leave_reg
Is there a cap on the number of regularizations in a month?,leave_reg
What is the maximum allowance for regularizations within a month?,leave_reg
Can you clarify the maximum number of times I can regularize in a month?,leave_reg
How many times can I regularize in a calendar month?,leave_reg
Is there a specific limit on the number of regularizations per month?,leave_reg
What is the maximum number of times I can request regularization in a month?,leave_reg
Could you please provide information on the monthly restriction for regularizations?,leave_reg
Is there a cap on the frequency of regularizations within a month?,leave_reg
What is the maximum count of regularizations permitted in a single month?,leave_reg
Can you inform me about the monthly limit on the number of regularizations?,leave_reg
How often can I regularize in one month?,leave_reg
What is the maximum frequency of regularizations in a month?,leave_reg
Could you clarify the limit on the number of regularizations within a month?,leave_reg
Is there a set maximum for the number of times I can regularize in a month?,leave_reg
Can you explain the maximum count of regularizations for a month?,leave_reg
What is the maximum number of regularizations allowed in a month?,leave_reg
Could you please provide details on the monthly limit for regularizations?,leave_reg
Is there a cap on the number of times I can regularize in a month?,leave_reg
What is the maximum allowance for regularizations in a month?,leave_reg
Can you clarify the maximum number of regularizations within a month?,leave_reg
How many times can I regularize in a single month?,leave_reg
Is there a specific limit on the frequency of regularizations per month?,leave_reg
What is the maximum number of times I can request regularizations in a month?,leave_reg
Could you please inform me about the monthly restriction on regularizations?,leave_reg
Is there a cap on the number of regularizations I can have in a month?,leave_reg
What is the maximum count of regularizations I can request in a month?,leave_reg
Can you provide information on the monthly limit for the number of times I can regularize?,leave_reg
How often can I request regularizations within a month?,leave_reg
What is the maximum frequency of regularizations permitted in a month?,leave_reg
Can I request for a late arrival partial day after I've already started my work?,leave_late_arrival
Is it possible to apply for a late arrival partial day request once I've already settled into my workspace?,leave_late_arrival
"After entering the office premises, can I still submit a late arrival partial day request?",leave_late_arrival
Can I fill out a late arrival partial day request form after I've already logged into my computer?,leave_late_arrival
Is it permissible to request a late arrival partial day after I've already attended a meeting?,leave_late_arrival
Can I still apply for a late arrival partial day request after I've already started my morning tasks?,leave_late_arrival
Is it acceptable to submit a late arrival partial day request once I've already completed some work?,leave_late_arrival
"After entering the office, can I still request for a late arrival partial day due to unforeseen circumstances?",leave_late_arrival
Can I request for a late arrival partial day after I've already interacted with my colleagues?,leave_late_arrival
Is it within the policy to apply for a late arrival partial day request after I've already made some progress on my projects?,leave_late_arrival
Can I submit a late arrival partial day request form after I've already attended a training session?,leave_late_arrival
Is it possible to request a late arrival partial day after I've already received my daily assignments?,leave_late_arrival
"After entering the office premises, can I still apply for a late arrival partial day due to personal reasons?",leave_late_arrival
Can I still fill out a late arrival partial day request after I've already started collaborating with my team?,leave_late_arrival
Is it permissible to request a late arrival partial day after I've already checked my emails?,leave_late_arrival
Can I request for a late arrival partial day after I've already completed some administrative tasks?,leave_late_arrival
Is it acceptable to submit a late arrival partial day request once I've already participated in a conference call?,leave_late_arrival
"After entering the office, can I still apply for a late arrival partial day due to transportation issues?",leave_late_arrival
Can I fill out a late arrival partial day request form after I've already attended a team meeting?,leave_late_arrival
Is it possible to request a late arrival partial day after I've already assisted a client?,leave_late_arrival
Can I still request for a late arrival partial day after I've already worked on a project?,leave_late_arrival
Is it within the policy to apply for a late arrival partial day request after I've already completed some research?,leave_late_arrival
Can I submit a late arrival partial day request form after I've already reviewed my schedule?,leave_late_arrival
"After entering the office premises, can I still request for a late arrival partial day due to a personal appointment?",leave_late_arrival
Can I request for a late arrival partial day after I've already completed some documentation?,leave_late_arrival
Is it permissible to apply for a late arrival partial day request once I've already attended a team lunch?,leave_late_arrival
"After entering the office, can I still fill out a late arrival partial day request form due to a family emergency?",leave_late_arrival
Can I still submit a late arrival partial day request after I've already finished a training module?,leave_late_arrival
Is it acceptable to request a late arrival partial day after I've already provided feedback on a project?,leave_late_arrival
Can I request for a late arrival partial day after I've already collaborated with a cross-functional team?,leave_late_arrival
Is it possible to apply for a late arrival partial day request once I've already completed a milestone?,leave_late_arrival
"After entering the office premises, can I still request for a late arrival partial day due to a medical appointment?",leave_late_arrival
Can I fill out a late arrival partial day request form after I've already attended a team-building activity?,leave_late_arrival
Is it permissible to request a late arrival partial day after I've already participated in a brainstorming session?,leave_late_arrival
Can I still apply for a late arrival partial day request after I've already conducted a client meeting?,leave_late_arrival
"After entering the office, can I still submit a late arrival partial day request due to a traffic jam?",leave_late_arrival
Can I request for a late arrival partial day after I've already completed some coding tasks,leave_late_arrival
Is it within the policy to apply for a late arrival partial day request once I've already resolved an issue?,leave_late_arrival
Can I submit a late arrival partial day request form after I've already attended a company event?,leave_late_arrival
"After entering the office premises, can I still request for a late arrival partial day due to a personal commitment?",leave_late_arrival
Can I still fill out a late arrival partial day request after I've already participated in a team discussion?,leave_late_arrival
Is it possible to request a late arrival partial day after I've already finished a client presentation?,leave_late_arrival
"After entering the office, can I still apply for a late arrival partial day due to a delayed flight?",leave_late_arrival
Can I request for a late arrival partial day after I've already completed some financial analysis?,leave_late_arrival
Is it permissible to submit a late arrival partial day request once I've already attended a company training?,leave_late_arrival
Can I still request for a late arrival partial day after I've already conducted an interview?,leave_late_arrival
Can I fill out a late arrival partial day request form after I've already completed some marketing tasks?,leave_late_arrival
Is it acceptable to request a late arrival partial day after I've already attended a department meeting?,leave_late_arrival
"After entering the office premises, can I still apply for a late arrival partial day due to a personal errand?",leave_late_arrival
Can I request for a late arrival partial day after I've already collaborated with an external partner?,leave_late_arrival
What are the different ways to track attendance for remote employees?,wfh_attendance
Is there a specific software or tool used to monitor attendance during WFH?,wfh_attendance
How do companies ensure accurate attendance records for remote workers?,wfh_attendance
Are there any challenges in tracking attendance during remote work?,wfh_attendance
Can you explain the process of tracking attendance for employees working from home?,wfh_attendance
What measures can be taken to prevent attendance fraud during remote work?,wfh_attendance
Are there any legal considerations when tracking attendance for remote employees?,wfh_attendance
How do companies handle attendance tracking for employees in different time zones?,wfh_attendance
What role does technology play in monitoring attendance during remote work?,wfh_attendance
Are there any privacy concerns related to tracking attendance during WFH?,wfh_attendance
How do companies address attendance issues for remote workers?,wfh_attendance
Are there any best practices for tracking attendance during remote work?,wfh_attendance
Can you provide examples of attendance tracking software for remote employees?,wfh_attendance
How do companies ensure fairness and accuracy in attendance tracking for remote workers?,wfh_attendance
What are the benefits of using automated attendance tracking systems for remote work?,wfh_attendance
How do companies handle attendance tracking for employees with flexible work schedules?,wfh_attendance
Are there any tools or methods to track attendance without invading employees' privacy?,wfh_attendance
How do companies verify the authenticity of attendance records for remote employees?,wfh_attendance
What are the consequences of inaccurate attendance tracking during remote work?,wfh_attendance
How do companies handle attendance tracking for employees with intermittent internet connectivity?,wfh_attendance
Can you explain the role of managers in monitoring attendance during remote work?,wfh_attendance
Are there any industry-specific considerations for tracking attendance during WFH?,wfh_attendance
How do companies ensure accountability in attendance tracking for remote workers?,wfh_attendance
What are the common metrics used to evaluate attendance during remote work?,wfh_attendance
Can you provide examples of companies that have successfully implemented attendance tracking for remote employees?,wfh_attendance
How do companies handle attendance tracking for employees on extended leave during remote work?,wfh_attendance
Are there any employee engagement strategies related to attendance tracking during WFH?,wfh_attendance
What are the potential risks of manual attendance tracking for remote employees?,wfh_attendance
How do companies address attendance tracking for employees with varying work hours during remote work?,wfh_attendance
Can you explain the role of HR in monitoring attendance during remote work?,wfh_attendance
Are there any employee feedback mechanisms related to attendance tracking during WFH?,wfh_attendance
How do companies handle attendance tracking for employees with multiple remote work locations?,wfh_attendance
What are the considerations for tracking attendance for employees working in different countries during remote work?,wfh_attendance
Can you provide examples of attendance tracking policies for remote employees?,wfh_attendance
How do companies handle attendance tracking for employees with flexible work arrangements during remote work?,wfh_attendance
Are there any tools or methods to track attendance without relying on employees' self-reporting?,wfh_attendance
How do companies address attendance tracking for employees with non-traditional work schedules during remote work?,wfh_attendance
What are the potential benefits of real-time attendance tracking for remote employees?,wfh_attendance
Can you explain the role of supervisors in monitoring attendance during remote work?,wfh_attendance
How do companies handle attendance tracking for employees with intermittent availability during remote work?,wfh_attendance
Are there any compliance requirements related to attendance tracking during WFH?,wfh_attendance
How do companies ensure data security and confidentiality in attendance tracking for remote workers?,wfh_attendance
What are the considerations for tracking attendance for employees working in different time zones during remote work?,wfh_attendance
Can you provide examples of attendance tracking methods that promote work-life balance during WFH?,wfh_attendance
How do companies handle attendance tracking for employees with overlapping work schedules during remote work?,wfh_attendance
What are the potential drawbacks of using automated attendance tracking systems for remote employees?,wfh_attendance
How do companies address attendance tracking for employees with part-time remote work arrangements?,wfh_attendance
Are there any employee recognition programs related to attendance tracking during WFH?,wfh_attendance
How do companies handle attendance tracking for employees with flexible break times during remote work?,wfh_attendance
Can you explain the role of IT departments in ensuring accurate attendance tracking during remote work?,wfh_attendance
What is the procedure for taking a comp off?,leave_comp
Could you please guide me on how to request a comp off?,leave_comp
I'm curious about the process of obtaining a comp off. Can you explain it to me?,leave_comp
Can you provide me with the steps to apply for a comp off?,leave_comp
How can I go about getting a comp off?,leave_comp
I would like to know the protocol for availing a comp off. Can you assist me?,leave_comp
Is there a specific way to request a comp off?,leave_comp
Can you outline the steps required to receive a comp off?,leave_comp
What is the proper way to apply for a comp off?,leave_comp
Could you enlighten me on the procedure for obtaining a comp off?,leave_comp
I'm interested in learning more about how to receive a comp off. Can you provide some guidance?,leave_comp
Can you clarify the process of availing a comp off?,leave_comp
What are the necessary steps to take in order to request a comp off?,leave_comp
How does one go about applying for a comp off?,leave_comp
Can you walk me through the steps of receiving a comp off?,leave_comp
I need assistance in understanding how to obtain a comp off. Can you help me with that?,leave_comp
What is the correct way to apply for a comp off?,leave_comp
Could you provide a detailed explanation of the process for getting a comp off?,leave_comp
Can you outline the steps I need to follow to request a comp off?,leave_comp
I would appreciate it if you could explain the procedure for availing a comp off.,leave_comp
How can I formally apply for a comp off?,leave_comp
Can you explain the steps involved in receiving a comp off?,leave_comp
What is the proper protocol for obtaining a comp off?,leave_comp
Could you guide me on how to apply for a comp off?,leave_comp
Can you provide a step-by-step guide on how to get a comp off?,leave_comp
I'm unsure about the process of availing a comp off. Can you shed some light on it?,leave_comp
What are the necessary actions I need to take in order to request a comp off?,leave_comp
How does one formally apply for a comp off?,leave_comp
Can you walk me through the process of receiving a comp off?,leave_comp
I would like to know the correct procedure for obtaining a comp off. Can you assist me with that?,leave_comp
What is the appropriate way to apply for a comp off?,leave_comp
Could you please provide a detailed explanation of the steps involved in getting a comp off?,leave_comp
Can you outline the necessary steps to follow when requesting a comp off?,leave_comp
I'm interested in understanding how to receive a comp off. Can you give me some guidance?,leave_comp
What is the recommended process for applying for a comp off?,leave_comp
Can you explain the step-by-step process of obtaining a comp off?,leave_comp
I need assistance in knowing how to get a comp off. Can you help me with that?,leave_comp
What are the correct actions to take when applying for a comp off?,leave_comp
Could you provide a clear explanation of the process for receiving a comp off?,leave_comp
Can you guide me on how to request a comp off properly?,leave_comp
How can I go about applying for a comp off?,leave_comp
Can you walk me through the steps required to obtain a comp off?,leave_comp
I would appreciate it if you could explain the proper procedure for availing a comp off.,leave_comp
What is the formal way to apply for a comp off?,leave_comp
Could you provide a step-by-step guide on how to receive a comp off?,leave_comp
I'm unsure about the process of obtaining a comp off. Can you clarify it for me?,leave_comp
What are the necessary steps I need to follow in order to request a comp off?,leave_comp
How does one officially apply for a comp off?,leave_comp
Can you explain the process of receiving a comp off in detail?,leave_comp
I would like to know the appropriate protocol for obtaining a comp off. Can you provide guidance on that?,leave_comp
What is the exact place to find FBP?,pay_fbp
Could you please guide me on where to locate FBP?,pay_fbp
I'm curious about the whereabouts of FBP. Can you tell me where to find it?,pay_fbp
Can you provide me with the specific location of FBP?,pay_fbp
How can I go about finding FBP?,pay_fbp
I would like to know the exact spot where FBP is located. Can you assist me with that?,pay_fbp
Is there a specific place where I can find FBP?,pay_fbp
Can you tell me the precise location of FBP?,pay_fbp
What is the correct way to find FBP?,pay_fbp
Could you enlighten me on the whereabouts of FBP? Where can I find it?,pay_fbp
I'm interested in learning more about how to locate FBP. Can you provide some guidance?,pay_fbp
Can you clarify the exact location of FBP?,pay_fbp
What is the proper way to find FBP?,pay_fbp
Could you provide a clear explanation of where to find FBP?,pay_fbp
Can you guide me on how to locate FBP?,pay_fbp
I'm unsure about the whereabouts of FBP. Can you shed some light on it?,pay_fbp
What is the recommended way to find FBP?,pay_fbp
Can you explain the specific place where FBP is located?,pay_fbp
I would appreciate it if you could tell me where to find FBP.,pay_fbp
How can I formally find FBP?,pay_fbp
Can you explain the exact location of FBP?,pay_fbp
What is the precise place where FBP is located?,pay_fbp
Could you guide me on how to locate FBP properly?,pay_fbp
Can you provide directions on where to find FBP?,pay_fbp
I'm interested in knowing the exact location of FBP. Can you provide that information?,pay_fbp
What are the correct instructions to follow when trying to find FBP?,pay_fbp
Could you provide a clear explanation of the specific location of FBP?,pay_fbp
Can you guide me on how to find FBP correctly?,pay_fbp
What is the recommended place to find FBP?,pay_fbp
Can you explain the specific spot where FBP is located?,pay_fbp
I would appreciate it if you could provide directions on finding FBP.,pay_fbp
How can I go about locating FBP?,pay_fbp
Can you provide the exact coordinates or address of FBP?,pay_fbp
I'm unsure about where FBP is located. Can you clarify it for me?,pay_fbp
What are the necessary steps I need to take in order to find FBP?,pay_fbp
Could you explain the process of locating FBP in detail?,pay_fbp
Can you tell me the exact place or address where FBP is located?,pay_fbp
I need assistance in knowing how to find FBP. Can you help me with that?,pay_fbp
What is the recommended process for locating FBP?,pay_fbp
Can you explain the step-by-step process of finding FBP?,pay_fbp
I'm curious about the specific location of FBP. Can you provide that information?,pay_fbp
What are the correct actions to take when trying to find FBP?,pay_fbp
Could you provide a clear explanation of the exact location of FBP?,pay_fbp
Can you guide me on how to find FBP accurately?,pay_fbp
What is the formal way to locate FBP?,pay_fbp
Could you provide a step-by-step guide on how to find FBP?,pay_fbp
I'm unsure about where to find FBP. Can you clarify it for me?,pay_fbp
What are the necessary steps I need to follow in order to locate FBP?,pay_fbp
How does one officially find FBP?,pay_fbp
What is the procedure for claiming expenses?,pay_exp
Could you guide me on how to submit an expense claim?,pay_exp
I'm interested in knowing how to claim expenses. Can you explain the process?,pay_exp
Can you provide step-by-step instructions on how to claim expenses?,pay_exp
How can I formally submit an expense claim?,pay_exp
Can you explain the exact steps to follow when claiming expenses?,pay_exp
What is the recommended process for submitting an expense claim?,pay_exp
Can you provide a clear explanation of how to claim expenses?,pay_exp
How do I properly go about claiming expenses?,pay_exp
Could you guide me on the steps to submit an expense claim?,pay_exp
I would appreciate it if you could explain the process for claiming expenses.,pay_exp
What are the correct actions to take when submitting an expense claim?,pay_exp
Can you provide a detailed explanation of how to claim expenses?,pay_exp
How can I ensure a successful expense claim submission?,pay_exp
Can you guide me on how to claim expenses accurately?,pay_exp
What is the formal way to submit an expense claim?,pay_exp
Could you provide a step-by-step guide on how to claim expenses?,pay_exp
I'm unsure about how to claim expenses. Can you clarify it for me?,pay_exp
What are the necessary steps I need to follow in order to claim expenses?,pay_exp
How does one officially claim expenses?,pay_exp
Can you explain the process of claiming expenses in detail?,pay_exp
What is the recommended way to submit an expense claim?,pay_exp
Could you explain the specific steps to follow when claiming expenses?,pay_exp
Can you provide a comprehensive explanation of how to claim expenses?,pay_exp
How can I ensure a smooth and efficient expense claim process?,pay_exp
Can you guide me on how to claim expenses properly?,pay_exp
What is the appropriate process for submitting an expense claim?,pay_exp
Could you provide a clear explanation of the exact steps to claim expenses?,pay_exp
I would appreciate it if you could provide a detailed explanation of how to claim expenses.,pay_exp
What are the correct procedures for claiming expenses?,pay_exp
Can you provide a step-by-step breakdown of the process to submit an expense claim?,pay_exp
I'm unsure about the process to claim expenses. Can you provide guidance?,pay_exp
What are the necessary actions I need to take when claiming expenses?,pay_exp
How can I formally submit my expense claim?,pay_exp
Can you explain the detailed process of claiming expenses?,pay_exp
What is the recommended method for submitting an expense claim?,pay_exp
Could you explain the specific actions to take when claiming expenses?,pay_exp
Can you provide a comprehensive guide on how to claim expenses?,pay_exp
How can I ensure a successful and efficient expense claim submission?,pay_exp
Can you guide me on how to accurately claim expenses?,pay_exp
What is the formal procedure for submitting an expense claim?,pay_exp
Could you provide a step-by-step explanation of how to claim expenses?,pay_exp
I'm unsure about the proper process to claim expenses. Can you clarify it for me?,pay_exp
What are the necessary steps I need to follow to claim expenses correctly?,pay_exp
How does one officially submit an expense claim?,pay_exp
Can you explain the detailed process of claiming expenses in depth?,pay_exp
What is the recommended approach for submitting an expense claim?,pay_exp
Could you explain the specific steps to take for claiming expenses?,pay_exp
Can you provide a thorough guide on how to claim expenses?,pay_exp
How can I ensure a smooth and successful expense claim process?,pay_exp
What is the email alias used for POSH?,posh
Can you provide the email alias associated with POSH?,posh
I'm looking for the alias email for POSH. Can you help me find it?,posh
What is the designated email alias for POSH?,posh
How can I obtain the email alias for POSH?,posh
Can you tell me the specific email alias used for POSH?,posh
What is the email alias that corresponds to POSH?,posh
Could you provide the email alias associated with the POSH module?,posh
I need to know the email alias for POSH. Can you assist me?,posh
Can you provide the specific email alias used for POSH?,posh
I'm interested in finding out the email alias associated with POSH. Can you provide it?,posh
What is the email alias that is used for the POSH module?,posh
Could you guide me on how to find the email alias for POSH?,posh
I would like to know the email alias associated with POSH. Can you help me with that?,posh
What is the designated email alias used for the POSH module?,posh
Can you provide the specific email alias that corresponds to POSH?,posh
I'm unsure about the email alias for POSH. Can you clarify it for me?,posh
Could you explain how to find the email alias for POSH?,posh
I need to know the email alias associated with POSH. Can you provide that information?,posh
What is the designated email alias for the POSH module?,posh
What is the email alias that corresponds to the POSH module?,posh
I would like to know the email alias associated with POSH. Can you provide that information?,posh
Can you provide the specific email alias that is used for POSH?,posh
What is the email alias that is associated with the POSH module?,posh
I need to know the email alias used for POSH. Can you provide that information?,posh
I'm looking for the email alias for POSH. Can you assist me in finding it?,posh
Could you guide me on how to obtain the email alias for POSH?,posh